station_id,ds,precip,tm_m,SPI_1,SPI_3,SPI_6,SPI_9,SPI_12,SPI_24
40708,01/01/1990,50.0,-9.784,1.6666865696420825,,,,,
40708,02/01/1990,31.3,-4.8619,0.7194657991700549,,,,,
40708,03/01/1990,47.12,2.56552,0.7796938468947834,1.3269388285592496,,,,
40708,04/01/1990,51.61,7.64483,0.709419301363792,1.1169348919376008,,,,
40708,05/01/1990,8.7,11.7621,-2.209774740939361,-0.038958598786034256,,,,
40708,06/01/1990,4.2,16.78,-0.472020051663474,-0.7421479797917127,0.4989098170816198,,,
40708,07/01/1990,0.44,17.3935,-0.9474822901849564,-2.168153447313795,-0.22692407020187094,,,
40708,08/01/1990,1.21,15.9828,-0.2843785631645058,-1.076844499581291,-0.500474238545516,,,
40708,09/01/1990,0.8,15.8833,-0.8667276037734393,-2.005064849078105,-1.2679476521740114,0.11323122155043693,,
40708,10/01/1990,33.51,10.4964,0.4715107175645645,-0.11556851898837563,-1.956202706087433,-0.4817348194967905,,
40708,11/01/1990,4.02,7.86786,-1.3826174680964916,-0.7912209456805853,-1.4479953588143406,-1.2042805623915598,,
40708,12/01/1990,35.6,-1.16538,0.9690928083981585,-0.04946700789409679,-0.6275650639693019,-1.1305683570531357,-0.054305482173712574,
40708,01/01/1991,15.82,-7.6125,-0.4545913161927774,-0.49396685320332084,-0.7309275037124272,-1.6804598229054637,-0.7902809057749096,
40708,02/01/1991,22.12,-3.455,0.16127822601969768,0.3953479486160105,-0.5764526563068016,-0.9537122552978158,-0.9039868596966967,
40708,03/01/1991,93.8,2.73704,2.3363416945071673,1.398381446626373,1.0165551822715984,0.6066803013418813,0.045089798839737086,
40708,04/01/1991,12.71,10.0179,-1.2631543297274066,1.0795893410927262,0.39542610362136904,0.22291391967837562,-0.687886799151425,
40708,05/01/1991,53.7,12.0448,0.8272214447506341,1.381843771359825,1.3233738543889613,0.5993166977185317,0.1110266657531449,
40708,06/01/1991,13.2,14.9862,0.3116502308848833,-0.23366200215252736,0.8457379932097409,0.6867254630534146,0.28446569172504993,
40708,07/01/1991,4.01,18.5419,0.09047424317988631,0.4839569041424167,1.0082152899299779,0.4880106626613993,0.3557683212251407,
40708,08/01/1991,0.41,16.7355,-0.6984672356757968,-0.1377003462897077,0.9247827876051917,0.9367685422233799,0.3311515675170814,
40708,09/01/1991,0.0,13.8966,-1.88950996033343,-1.5127949458915053,-0.6950949817733387,0.5054020033132762,0.31160937744336475,
40708,10/01/1991,11.6,11.8,-0.6490188276913612,-1.580872952532724,-0.5555399731747533,0.36064649208997573,-0.12094574033605367,
40708,11/01/1991,14.8,5.85417,-0.421612124930887,-1.323567677693264,-1.4546307494076538,0.008915492737832799,0.10590262823037275,
40708,12/01/1991,33.91,-2.752,0.8988160485081534,-0.4306461705623515,-0.9887337631150794,-1.0238562424024311,0.08814306071875373,-0.02754614067682524
40708,01/01/1992,14.23,-6.70769,-0.6123257145462756,-0.23218750351442946,-1.304505610093794,-0.6115494361438162,0.05542399518064202,-0.5043462452815154
40708,02/01/1992,22.25,-2.192,0.17016897687647425,0.2726693725066117,-1.0508308234103954,-1.042011682767833,0.07384299943906597,-0.6099810180315307
40708,03/01/1992,25.35,0.610714,-0.33294826876667155,-0.4727853085756096,-0.8524059891459708,-1.2272589404201595,-1.1921822047424495,-0.8929894052273457
40708,04/01/1992,91.3,7.46786,1.8182164960064437,1.3476873945423806,0.7488169491810555,0.09825159994696424,0.27127264645837906,-0.34218870840077203
40708,05/01/1992,43.88,10.0852,0.3986562128213268,1.3894417934799108,1.2646144752440935,0.26054390803202104,0.049524361527761865,0.0478924343587798
40708,06/01/1992,72.82,15.07,2.21285756661564,2.6110195468524493,1.830809646845502,1.5542633402884398,1.171144661726444,1.0682240723314502
40708,07/01/1992,9.61,16.8433,0.7029666792184066,1.787355539640772,2.190342678473539,1.6695201089275076,1.2887533714761803,1.1932804610754597
40708,08/01/1992,20.41,15.2774,1.6973659552028375,2.2679154754466877,2.360849828111676,2.245385861940734,1.5768756123807308,1.4390463338334039
40708,09/01/1992,10.8,13.7367,0.5355923758734966,1.258668083751152,2.7306357806892105,2.0657784232999146,1.7719522934178409,1.5804097118886273
40708,10/01/1992,5.33,10.8107,-1.2805262207448211,-0.07052399925786706,1.6181876255824272,2.3114206368296086,1.740335870288829,1.1247759860816822
40708,11/01/1992,54.21,5.91429,0.9714046327545117,0.2153725391194405,1.6774885612629387,2.2935316388736933,2.2463972559931715,1.4905842611070772
40708,12/01/1992,35.43,-1.5,0.962121335647664,0.5074496819800901,0.9145012631830028,2.586519346550167,2.2041106920823026,1.5393864261347436
40708,01/01/1993,30.54,-7.3,0.6543134664869394,1.2886174011916312,1.0884279567127995,1.8811037926439917,2.596347398096942,1.7589652274482597
40708,02/01/1993,44.52,-4.93077,1.3598593397540224,1.6295399932143897,1.1687449558122673,2.2226491293218364,2.7324928755090423,2.00701126600455
40708,03/01/1993,46.35,1.75926,0.7470001475168867,1.172099880060133,1.2338670404295673,1.5081743868354667,2.806836826034373,1.5429849415233519
40708,04/01/1993,23.33,8.91035,-0.5113235361338953,0.6782226169430644,1.3463252440765283,1.2521620650097072,2.011078366592649,1.6665711851145253
40708,05/01/1993,39.14,12.7581,0.16883844221996047,0.003815324714936981,1.0185055790625688,0.9870905346745141,2.197143801511784,1.66566317876265
40708,06/01/1993,39.91,15.4233,1.399583644389303,0.42211208278883927,1.0688809863548476,1.3457998264125943,1.6039021078237687,2.070673745530339
40708,07/01/1993,5.3,16.3613,0.2679732449454684,0.8480595024713617,0.9885833575816774,1.527770945694084,1.5546892288703555,2.078234498416471
40708,08/01/1993,8.52,16.9226,0.8677296322742812,1.1993295656027967,0.6232943706351617,1.3051144416528384,1.295849775968494,2.1505969422947504
40708,09/01/1993,0.82,15.2433,-0.8576544033513059,-0.2555902978912473,0.21823783950469627,0.9134790672393922,1.1330594223926755,2.171991107364481
40708,10/01/1993,17.56,8.85806,-0.2538863210895641,-0.5370262554790981,0.33024016737728173,0.6928991868590222,1.4056275691861293,2.1189421016256
40708,11/01/1993,112.02,-1.7,2.0785749486482787,1.4713633196313913,1.8550215760245496,1.648863681624723,2.2364453609773918,2.7271974590019785
40708,12/01/1993,27.82,-4.532,0.6250162516452624,1.7383694433960568,1.6305206203313634,1.542683686574701,2.061166868154486,2.74608931163623
40708,01/01/1994,12.65,-2.29565,-0.7817570357041909,1.9415828544779583,1.5951029594671016,1.587724274404871,1.9090721182308037,2.837863789236329
40708,02/01/1994,15.06,-3.51579,-0.3867395677028096,-0.3616584967121583,1.2788415992386115,1.5368492961763718,1.3353706941579024,2.7688159441789857
40708,03/01/1994,28.63,4.05769,-0.13210589166363254,-0.6721563287102248,1.1847014095731279,1.0029164481012667,0.9945955662801571,2.8741616789729294
40708,04/01/1994,25.13,10.7429,-0.40978017521053767,-0.861461401797729,1.1132726505664392,0.8142133904363493,1.0575252476603247,2.189898075015921
40708,05/01/1994,49.52,12.8484,0.6516558745726653,-0.16891199166689286,-0.4272611108668992,0.9775718024964303,1.351825980654306,2.5407426984672385
40708,06/01/1994,9.63,13.8167,0.06918291330205399,-0.08980245183685365,-0.6250524906458966,0.9529759496618451,0.7745695987629001,1.7760575473501556
40708,07/01/1994,1.63,15.4484,-0.3970980221160609,0.17821791947831786,-0.5779040629528217,0.9489010746989317,0.7146167197548181,1.659439180728007
40708,08/01/1994,0.41,16.471,-0.6984672356757968,-0.5225197119153109,-0.45748153808815545,-0.6613396801682138,0.541238725800382,1.3626228494196744
40708,09/01/1994,2.45,12.5133,-0.3891916496848237,-1.498745167670307,-0.5504427302813713,-0.9878518315436011,0.5712203096483448,1.2511206300246025
40708,10/01/1994,18.35,10.3103,-0.2090467058620836,-0.8699863372559749,-0.5878713774108358,-1.2933036020369337,0.6163939164306622,1.3495269361095448
40708,11/01/1994,150.81,5.68077,2.63221050037238,2.1269763133630413,1.8414833558518597,1.5426392698876898,1.2609804535281781,2.1339832626015105
40708,12/01/1994,11.34,-2.15833,-0.4122294203602533,2.1127886676037138,1.8626044842398888,1.4586949133928149,0.9615348771906199,1.954134222411973
40708,01/01/1995,17.53,1.31724,-0.29673843234062885,2.4262644530126036,2.0387861138031207,1.5554302521013608,1.1067031607092517,1.8893577710459513
40708,02/01/1995,19.13,1.12222,-0.05369749035318689,-0.7279347947147382,1.9609570347174332,1.3972697462149206,1.1121297094755733,1.619546633134909
40708,03/01/1995,29.41,4.50345,-0.0866723172320735,-0.326936782477618,1.7703372184739323,1.4037420063806467,1.063551276091476,1.483246023719127
40708,04/01/1995,33.5,9.6,0.005938281082283481,-0.35595385626981274,1.807897712043094,1.474106595462226,1.2300653591135395,1.6023585460687189
40708,05/01/1995,13.61,12.2567,-1.6049697013574804,-1.1056410181109375,-1.4198969651507407,1.126186896911563,0.7025877519397074,1.442031222390577
40708,06/01/1995,25.33,15.9133,0.8999406909061675,-0.46607396470537693,-0.6759227369817069,1.3504312490840835,0.9730727446138051,1.2766253684646163
40708,07/01/1995,2.61,17.2258,-0.1565201350666359,-0.5131085880845171,-0.7390274541572424,1.2891126919152684,1.00447075165098,1.232883465816169
40708,08/01/1995,0.53,17.8548,-0.6098045315338269,0.3765257495906137,-0.7205192654384674,-1.0717242327766392,0.9704513495008382,1.103091597459398
40708,09/01/1995,45.13,14.9,2.017567149029531,1.5627315713433565,0.309080697979538,-0.060360059394566734,1.7112764326685248,1.7146338485340575
40708,10/01/1995,25.08,8.875,0.12751583703579805,1.1116789329076242,0.3597190635681245,-0.07171826134020372,1.8998600659322982,1.7108941916302434
40708,11/01/1995,2.02,6.26071,-1.7867576373446257,0.26398954175903,0.2657890219335088,-0.5833401470991855,-0.9787734480880615,0.22527656440651692
40708,12/01/1995,8.44,-1.9,-0.6957354225100394,-1.3668030305303414,-0.37668061991790064,-0.7358042077040823,-0.9877827328217328,0.013567524983640195
40708,01/01/1996,23.92,-3.644,0.2140664699965859,-1.3926276297445357,-0.2786504170645768,-0.5929321567598135,-0.9162387322269452,0.15153346267489606
40708,02/01/1996,26.64,-1.26538,0.45203750178632335,-0.2041829012209523,-0.02718984271396518,0.04274060840434136,-0.6734789832759686,0.30962247954272304
40708,03/01/1996,33.43,0.933333,0.1354312952991191,0.22781965154527173,-0.923787614069155,-0.2156050638974318,-0.5215447675318541,0.4046481233847922
40708,04/01/1996,57.16,6.72143,0.8914980427600834,0.765141798852261,-0.3136842978499753,0.28208520899375683,-0.09943479407356708,0.802125301472111
40708,05/01/1996,38.03,13.6903,0.11237033317616713,0.5770968823057955,0.29987679753990326,0.3195121621160937,0.32137877087375166,0.6826149727728418
40708,06/01/1996,4.22,14.4033,-0.46925148898420616,0.3424903421190258,0.3108335570182082,-0.737577502731835,-0.11130882485208891,0.6201599667744625
40708,07/01/1996,1.02,18.16,-0.6114345487772377,-0.44331962330315383,0.17940915460912915,-0.6647053939907471,-0.15189340644541122,0.6081928719976336
40708,08/01/1996,2.13,17.3677,-0.01750945416692854,-0.9023787049404591,0.05127773838376561,-0.13168216714583214,-0.10818549312432524,0.6247416686325612
40708,09/01/1996,10.03,16.69,0.47830985119139385,-0.3838361640721367,0.1066245858212744,0.13704536578523882,-0.8695465226188864,0.733027111513448
40708,10/01/1996,18.41,10.7741,-0.20569651897618293,-0.3476656820944193,-0.8825130241465475,-0.15642013791657128,-1.0520829721520175,0.6938862740955487
40708,11/01/1996,24.24,4.32593,0.04048207345553123,-0.28811367679942695,-0.8602304148685068,-0.3253449572996355,-0.4965458123826022,-0.9525967472801455
40708,12/01/1996,6.43,4.55385,-0.9370736055684892,-0.8132705306066369,-1.0767213258460409,-0.6096487506319338,-0.5012941228501748,-1.0208977455989399
40708,01/01/1997,51.61,-2.05909,1.738231893166578,0.3574922762233299,-0.04893820602126378,-0.3807007638350395,0.032603138276359224,-0.5956159345132812
40708,02/01/1997,39.72,-5.78077,1.1435094795991696,1.2396950587596378,0.46652145751257224,0.001954845933749051,0.2895082939142532,-0.30464294993301905
40708,03/01/1997,80.84,-1.30435,1.9655145461416699,2.1889565019058113,1.323549358852465,1.1122870265510767,1.0410359152663144,0.3858594795019901
40708,04/01/1997,4.94,10.72,-2.218401702550448,0.9951282257168349,0.8623592663350826,0.615850819905258,0.21665429296858213,0.025225016532431567
40708,05/01/1997,37.07,13.4667,0.06263729282074494,0.4164641495361382,1.0464805168397173,0.6265432623243807,0.16679714158205358,0.2880503527256074
40708,06/01/1997,52.07,17.88,1.7350515362037124,0.19555160543655195,1.774724434490383,1.282015285146763,1.0633385007369058,0.6941266123535598
40708,07/01/1997,34.43,18.4067,2.0198392493613353,1.7326944333935088,1.919071723400203,1.7170719229604074,1.6693893386959822,1.1491718947281355
40708,08/01/1997,0.03,18.8806,-1.3595992420094292,1.9566164916844473,1.4976240087885984,1.8480405574267706,1.5712672055334398,1.124844171160202
40708,09/01/1997,16.32,14.8533,0.884264700513674,1.6585157584796133,0.8625125124124344,2.1588686189784947,1.6919026061961995,0.7160834518809779
40708,10/01/1997,18.43,14.32,-0.20458147761946838,-0.1488001389267325,1.5174994915054443,1.9580724634730555,1.7651553076301882,0.5861831158125579
40708,11/01/1997,23.02,5.89643,-0.011201183384103981,-0.13258483097870627,1.172035499557039,1.2102191135996567,1.6361768228803284,0.7438233326478473
40708,12/01/1997,16.41,1.92308,-0.02077610330786099,-0.5096439866856408,0.2915744343831532,0.2640144574882456,1.7475536678705634,0.8690254121139358
40708,01/01/1998,65.02,-4.62727,2.2864708795645585,0.9293875124162186,0.6638585184837907,1.5730797117604438,2.0754060545344997,1.372967531073317
40708,02/01/1998,58.52,-5.00476,1.917408584848833,2.433123438833329,1.5260654446404338,2.2312163035803936,2.216553083065167,1.7344910009921344
40708,03/01/1998,23.23,5.40769,-0.4724220999111736,1.708185168115546,1.0119401550434342,1.4778975424955767,1.272771575660236,1.6774285823136612
40708,04/01/1998,40.71,11.1929,0.3105954429473883,0.911771211572189,1.214194267785711,1.0771844567780227,1.8426314201243386,1.4961705926446003
40708,05/01/1998,56.52,13.3367,0.9407006617612719,0.3484665989532806,1.855485711181617,1.5850574831526916,2.3948305516085524,1.901988837838736
40708,06/01/1998,10.61,17.75,0.1411969070194381,0.5645968033543244,1.588942696926249,1.2284822822991421,1.6657087457247026,2.0389535263174277
40708,07/01/1998,6.23,18.7226,0.3779836488820188,0.5535053667690321,0.934113084306873,1.2418886115663215,1.1970703262941833,2.098604198635935
40708,08/01/1998,1.41,19.4129,-0.21619843851983275,-0.10264421856881659,0.11309720648211725,1.3975075527193161,1.1768216983582094,2.0561010980648406
40708,09/01/1998,5.83,15.6379,0.0987698513551799,-0.3576054086806023,0.3236769868551026,1.4107272552944212,1.0006224474230616,2.010851361954897
40708,10/01/1998,16.71,12.2567,-0.3037337610014269,-0.7027172957909809,-0.08388827829690919,0.5588143193835351,1.0149172852090522,1.8736081791171102
40708,11/01/1998,18.5,9.3,-0.22106715153531087,-0.6872326675257145,-0.885715895279712,-0.5253870106261782,0.8765681488896869,1.5190672462101351
40708,12/01/1998,22.42,4.135,0.34721625574599974,-0.5171770433668962,-0.7720638469569215,-0.22580281788860865,0.9632062436717197,1.7385528376648962
40708,01/01/1999,17.11,1.57308,-0.33449310500149304,-0.40098174413863047,-1.0432008718911643,-0.39788417058091663,0.12132856102335986,1.42309979013603
40708,02/01/1999,3.81,4.23333,-1.9145697776282815,-0.9747802797674842,-1.4808839330558985,-1.3713113436204685,-0.9477238634753065,1.0221010784449651
40708,03/01/1999,35.81,3.96429,0.2585843348298502,-0.6575643583416781,-1.0683932041325244,-1.1929760165504084,-0.6075925812526852,0.5238849823464969
40708,04/01/1999,33.26,8.85862,-0.0049304120179386466,-0.6996616137752716,-0.8210699512523747,-1.3368619278889387,-0.7819211353092532,0.8728012068535181
40708,05/01/1999,45.06,12.5387,0.45328584840457786,0.16393796397725122,-0.46316349114328365,-1.235714291833105,-1.2485613670689983,1.0405448154890273
40708,06/01/1999,2.51,16.0233,-0.7539506933521167,-0.19554283557345625,-0.6989982920977833,-1.3245866929198271,-1.416344588096226,0.3388298334503488
40708,07/01/1999,9.21,17.2742,0.6689585383753914,0.04813596703973636,-0.5763213236595571,-0.8179711599799538,-1.374886966210573,-0.04835568239629302
40708,08/01/1999,3.24,21.0516,0.21022525332940117,-0.2961691740944662,-0.10934259661549123,-0.6173870158840321,-1.2700908247382112,0.0030699143241357764
40708,09/01/1999,14.33,15.7,0.7688187273784639,0.571383681491328,-0.022401414003947195,-0.5401022162442852,-1.1006685540139036,-0.03447803399659344
40708,10/01/1999,62.21,11.7233,1.3327004216362885,1.3579583076267272,1.0018310977700906,0.30895767129775886,-0.11077561560884118,0.5876931092826541
40708,11/01/1999,29.92,3.87931,0.26020479008203745,1.0280763768967733,0.7230454796788371,0.6334479065547707,0.12745792601173384,0.586368378044618
40708,12/01/1999,3.02,4.58261,-1.5268016951061019,0.5116668470656626,0.6079008510961307,0.264805216579318,-0.22758750339840822,0.4614157086481729
40708,01/01/2000,34.34,-0.958333,0.8791741949874654,-0.09026653669325808,0.8580082590827244,0.5766512975803832,0.09988275001092926,0.09231153849197175
40708,02/01/2000,23.31,-0.348,0.24139817682891693,-0.13061589309199115,0.8626006202715141,0.5031537903778015,0.4638491950499392,-0.3486496822860451
40708,03/01/2000,97.5,2.50769,2.4363587794891597,1.8722245354084115,1.833615563237146,1.8356333536710232,1.3946522914702277,0.6276198201592145
40708,04/01/2000,16.71,13.3448,-0.9405165812120913,1.3124263837812071,0.8056671202129482,1.5041157778712533,1.1940086287194238,0.3329168996457557
40708,05/01/2000,16.71,13.1857,-1.3024464548142773,0.6398019228584209,0.394096287567278,1.167015886678117,0.801825051099669,-0.3047522389463073
40708,06/01/2000,6.0,15.32,-0.2544170268380777,-1.8116845245392277,0.5306517830317995,0.7907356750543983,0.8453992841343554,-0.38852006448910875
40708,07/01/2000,5.12,18.9452,0.2451682583062113,-1.1583067010342334,0.2891578098576858,0.08300612386762898,0.7794230325518158,-0.40464410721436256
40708,08/01/2000,4.11,19.3,0.3529617647386496,-0.27922507021796283,0.27816792483985353,0.10804286963133618,0.7682934704950473,-0.3538755331460353
40708,09/01/2000,7.84,16.41,0.2975760423770486,-0.06043018864053257,-1.671684900990529,0.42801809162994303,0.6512589025434179,-0.3321757494699916
40708,10/01/2000,37.16,9.55357,0.6026030844566617,0.42575718021930636,-0.7679403677535025,0.4313748327979161,0.18616675811037947,-0.009889291211114879
40708,11/01/2000,35.93,4.74615,0.46396518887757926,0.4775178809102536,0.15743389366718655,0.4702732207209647,0.29597852188704105,0.21739914489490006
40708,12/01/2000,18.15,2.65,0.09401643387704048,0.4188498302756716,0.28340208337440137,-0.9402672456766444,0.572506816883323,0.18941904579508023
40708,01/01/2001,19.66,-2.45556,-0.1142255479437867,0.10999143623045378,0.23311098989642276,-0.5017769734203676,0.3250592905727242,0.22346934836089044
40708,02/01/2001,2.44,2.688,-2.3080358895297484,-1.1487584369972748,-0.3049466715374,-0.4845448046188134,-0.062383059924345056,0.21961130083009306
40708,03/01/2001,13.64,7.94815,-1.2477060079135045,-1.570346394086985,-0.7227410673368615,-0.7743241526856116,-1.682207163827172,-0.03210910988787023
40708,04/01/2001,38.84,10.92,0.2352912036741784,-1.4709919106159326,-0.879427025393255,-0.7417079375359907,-1.2528696327188933,0.04389196746160426
40708,05/01/2001,19.63,13.67,-1.052400057690737,-1.2807508341677276,-1.8168704419460688,-1.3823496309027692,-1.4508450259396293,-0.43302935260881315
40708,06/01/2001,0.1,16.0267,-2.015954430681991,-0.9646275565358888,-1.8913236876165902,-1.5767471723766315,-1.5645489423501546,-0.48560775800084305
40708,07/01/2001,3.8,17.9871,0.057887458874017854,-1.4068261162076685,-2.1662252758724807,-1.6399619454575847,-1.6327220658747121,-0.5707978634147808
40708,08/01/2001,4.82,19.1032,0.4548681062074402,-0.7687369914659904,-1.4388200584021587,-1.9122971771010566,-1.542941257796069,-0.5344682195739782
40708,09/01/2001,1.91,16.6345,-0.508242544756873,-0.6446207637451643,-1.1909581397303481,-2.078313817018407,-1.7247208923413397,-0.74635446207464
40708,10/01/2001,53.35,10.7429,1.100526485114069,0.793812152415415,-0.531711030512861,-1.6808158748178696,-1.3716253625073338,-0.8344414538563045
40708,11/01/2001,39.83,6.056,0.5843381980189172,0.7948691256428504,0.33815435693156554,-0.6133360028739272,-1.1823844728010748,-0.5493738205510906
40708,12/01/2001,23.83,4.27826,0.4236731372982571,0.9892827937243434,0.7346158123865446,-0.07375844148513994,-0.9979268269032003,-0.27555779435245514
40708,01/01/2002,8.92,0.196296,-1.2517354255747675,0.07492321721840531,0.4953337669549135,-0.37916149701511465,-1.3248130584006879,-0.6329811125003519
40708,02/01/2002,4.3,3.14286,-1.8007604991578945,-1.3390216268392536,-0.0027530775002907225,-0.37935700705315617,-1.166665670090361,-0.8772984180434558
40708,03/01/2002,21.84,7.45556,-0.568705331380179,-1.605670945175015,-0.09937566756134807,-0.33313479354173847,-0.888310870323424,-1.991806220651144
40708,04/01/2002,54.06,8.17857,0.7912855619868905,-0.42282483777147656,-0.2864425785412217,0.07652603369851756,-0.6196240906309831,-1.4138976070280975
40708,05/01/2002,55.23,11.3034,0.8892562992714246,0.6454909219450213,-0.18173394369978138,0.3986211143389982,-0.011593807256510467,-1.092713280468846
40708,06/01/2002,0.62,15.85,-1.3821798343346536,0.6173728331518412,-0.5217888718652788,0.2251057002504768,-0.003076353884952963,-1.2166735462754281
40708,07/01/2002,29.21,18.8613,1.8107311003935604,0.8662070030556661,0.2871408459822015,0.17965324422950604,0.5015406458886197,-0.8074566519400133
40708,08/01/2002,3.5,18.9871,0.25538136557089586,0.5639291914830324,0.6619702856235516,0.0016046949475760459,0.46143314923830303,-0.8021991479559388
40708,09/01/2002,1.01,17.32,-0.7786796389104043,0.9342428354390535,0.8358563030932606,-0.22860749647967396,0.44230969208982335,-0.9281532446003599
40708,10/01/2002,4.51,15.2138,-1.401191126238495,-1.900237470008531,-0.1854378971722183,-0.6087455818656643,-0.5589658219507457,-1.3879258361101945
40708,11/01/2002,27.64,6.77586,0.17572291543930318,-1.004909125139068,-0.6527493139120099,-0.13092098455670603,-0.7720000672628022,-1.2501177269297865
40708,12/01/2002,41.08,-5.09167,1.1833393450113086,-0.04667876319812957,0.24954657562199928,0.5373412180368191,-0.3761551054369394,-0.9421539831136271
40708,01/01/2003,23.83,0.0727273,0.20755461267595396,0.6335601277577031,-0.3879648248794314,0.2505483092391052,-0.09915188816519967,-0.9281717545816659
40708,02/01/2003,24.29,0.46087,0.3053544318017698,0.9587488048911863,-0.27155131262825966,-0.04418464160995023,0.2965284436862122,-0.6097100576989584
40708,03/01/2003,52.38,1.124,0.9942701005307568,0.6727176937421818,0.38534321404276667,0.6092056095888254,0.7891752917537836,-0.06932642387450556
40708,04/01/2003,75.4,9.044,1.4201244616836486,1.6733696857592728,1.523085776162279,0.9212447495054618,1.1529989374982317,0.40216006018728795
40708,05/01/2003,26.95,12.2759,-0.5241256421805923,1.250173795218864,1.5309899516671033,0.7115333413549693,0.7526295365195713,0.48482264107064793
40708,06/01/2003,13.23,14.96,0.3134844347744821,0.7586717532789613,0.9315697571402797,0.7826424501954601,0.9645576604077802,0.6914762815672393
40708,07/01/2003,0.9,18.07,-0.6650551794139881,-0.532523925551537,0.8803571453868876,1.0080425516851497,0.43897255592292345,0.6456006275458752
40708,08/01/2003,13.4,19.2467,1.2625112059847632,0.33787614287350837,1.009002679995458,1.2789165923035046,0.6103624459539032,0.7601006659601122
40708,09/01/2003,6.05,15.2103,0.12261019912082866,0.1750061677707256,0.6654925681589934,0.8785152233242748,0.7045171118912863,0.8190002597455003
40708,10/01/2003,2.87,14.4323,-1.7062639923054965,-0.8004865092254392,-1.294601911550667,0.45577436598398174,0.707857032928093,0.07161221738590531
40708,11/01/2003,21.02,6.10435,-0.10016996184570888,-1.1502393354886862,-0.947683084202262,0.17356214495846092,0.54899049850911,-0.14882783170064615
40708,12/01/2003,16.86,1.83077,0.009677272625934277,-1.1386280867754794,-1.1188820321551947,-0.27457309252927137,0.10862470692489823,-0.220453612318389
40708,01/01/2004,19.82,3.22222,-0.10106985131276754,-0.4126696709258041,-1.1144481220323486,-1.2182488822574515,0.028994045950428548,-0.09357628557044739
40708,02/01/2004,6.93,3.15,-1.317703048517342,-0.9599915950533301,-1.8936825927299878,-1.4165545209670989,-0.28280993615434347,-0.045245731466138826
40708,03/01/2004,23.25,6.21852,-0.47106616991875105,-0.9197974421137719,-1.793138537990331,-1.6649905268734129,-0.7802104964273917,0.0025092724853013745
40708,04/01/2004,71.52,6.65185,1.3151242600459474,0.30264398220211336,-0.13488868055008058,-0.6444508258168177,-0.8917705318485977,0.230567362769314
40708,05/01/2004,73.84,13.8552,1.568317617483505,1.578134409409041,0.86398843332863,-0.10114223211160568,-0.05955288052216814,0.45133920807237854
40708,06/01/2004,2.3,17.4233,-0.7985617814242247,1.4834135140654432,0.5899817820654928,-0.28769601754934254,-0.28687694518773044,0.4874304982171363
40708,07/01/2004,34.31,17.8484,2.015248163614935,1.4597890049112143,1.2528954804441517,0.7445980830645642,0.3887903816528016,0.5607646858576967
40708,08/01/2004,0.01,19.3806,-1.5342633836249853,0.6807973231513865,1.4256199365273403,0.8924271322774051,0.1206870113998224,0.5022793111249073
40708,09/01/2004,0.03,15.8103,-1.642317919659106,0.9646978661177193,1.6066527623756208,0.8005510822825215,-0.007019245056762552,0.4849421688818798
40708,10/01/2004,26.81,12.5621,0.20380947005956485,-0.5397262805073721,1.020187347800563,1.0040108575656987,0.4869080412316501,0.7652586606140495
40708,11/01/2004,53.3,7.15217,0.9490227158654972,0.45877392450715604,0.6249710355570625,1.5226880152620401,1.0379756034159064,0.9407607106889713
40708,12/01/2004,31.2,-3.13333,0.781271392995916,0.8707696984063436,1.120596673702761,1.8424601302565464,1.2524329717306064,0.8684598621649642
40708,01/01/2005,16.34,-1.16129,-0.40539659879547146,0.8420748315687588,0.3641528308108076,1.1761276706546269,1.2704990714899886,0.8099482523735898
40708,02/01/2005,13.92,-2.425,-0.4910245356706436,-0.0962886804063583,0.24487484337437182,0.42636941168023157,1.3092173442983595,0.6974973822880471
40708,03/01/2005,33.52,5.36774,0.14019304812452427,-0.4048900989967181,0.41440419760388014,0.6477327109700654,1.3830092716759017,0.506789130074867
40708,04/01/2005,24.63,10.49,-0.43746624905594816,-0.7314406090458312,0.1617939760355867,-0.21752703147174549,0.6998804063650675,-0.1383447266687896
40708,05/01/2005,81.05,13.5613,1.8018548572579218,0.8597234453316615,0.6046034623014316,0.7937707466458054,0.8849763094148212,0.5529733934314033
40708,06/01/2005,16.12,15.78,0.4784193594810258,0.9085565198741715,0.3544170683666508,0.9310642597880158,1.1121449048969323,0.6096440695974022
40708,07/01/2005,5.24,20.0032,0.26043211665236515,1.2822613992221719,0.49009790960776844,0.8366372061923565,0.5839544544558164,0.6705779901694435
40708,08/01/2005,1.9,19.0258,-0.07485529125261801,0.15020852583238872,0.6214645892118671,0.4389242635099962,0.6000482386779121,0.49409307237652195
40708,09/01/2005,14.93,16.52,0.8046445157081871,0.28835236097612316,0.8410691915096105,0.3523021939536005,0.8748897560923918,0.6214040419695718
40708,10/01/2005,22.11,12.3968,-0.012246260334018263,0.03220716222288277,1.1195270120403709,0.40617084652267565,0.8273645191771435,0.8493978489635179
40708,11/01/2005,45.21,5.74333,0.738340116297532,0.5085699977522569,0.37710515336268974,0.805615892658306,0.6356136255896969,0.9929107951546798
40708,12/01/2005,5.61,4.70333,-1.0517533331366324,-0.05505120260358353,-0.06105641224355857,0.5362067093019413,0.1715913283340857,0.906848951020995
40708,01/01/2006,30.34,-3.6129,0.6419859264686373,0.32603657086730653,0.15712166839199995,0.9104926307232342,0.44763300483936724,1.0612712411472653
40708,02/01/2006,17.11,3.925,-0.2121862559479835,-0.47785816457667457,0.08150514850779171,0.018394487344766217,0.49109982705764377,1.1881666326341356
40708,03/01/2006,22.22,6.78065,-0.5419717041914208,-0.20801332677157355,-0.3258727640216781,-0.28605045664285467,0.2928055298822029,1.2242952449689124
40708,04/01/2006,50.94,11.4367,0.6865931427840518,-0.06863284459630473,0.130064720605637,0.021583460356391415,0.7418513339234454,0.9863617901804482
40708,05/01/2006,16.32,14.5452,-1.3381523845835868,-0.6281525910956565,-0.8778994766503245,-0.5346730875779139,-0.5247945396314752,0.23611491866606055
40708,06/01/2006,0.02,18.5033,-2.4742723974422454,-0.6432024608329466,-0.7138723773058425,-0.9561576616700057,-0.8707914816401079,0.20625191197926745
40708,07/01/2006,0.01,18.5419,-2.0361966846870043,-1.9080722103749346,-1.2249361890988242,-0.8160282810213585,-1.0138134412682493,-0.32762396086701073
40708,08/01/2006,0.0,21.3387,-1.88950996033343,-3.6108374360300504,-1.1655495470712807,-1.3316688571598685,-1.0095246914716691,-0.3206005931037748
40708,09/01/2006,3.52,15.9667,-0.200294656880417,-1.7081966703540201,-1.130621101248639,-1.1016362477418473,-1.3012287590360478,-0.27551146518621267
40708,10/01/2006,35.75,14.4129,0.5530089519629067,0.04599573825305379,-1.6335159726269817,-1.4458685963339075,-1.0141630629157954,-0.12438648084257754
40708,11/01/2006,23.05,4.35667,-0.009907999417498481,-0.001240827552168889,-0.7844403170598335,-1.1986527407618333,-1.4444581751995103,-0.4589706496015582
40708,12/01/2006,17.27,-2.3871,0.03694460818300704,0.03146136258847812,-0.5028118130990133,-0.9611021213728392,-1.1133412108520289,-0.630892315825921
40708,01/01/2007,13.04,-0.677419,-0.7386145075778365,-0.5708183755201682,-0.6752054780021741,-1.5468023162616868,-1.6134068200432667,-0.7078543075512403
40708,02/01/2007,26.85,0.953571,0.46472255168466114,-0.2868820438611277,-0.35344574741227475,-0.9066683009618871,-1.254711051832166,-0.5157205688041978
40708,03/01/2007,57.5,2.89032,1.1901873589749026,0.5928082086073093,0.37955584700202577,-0.013732319714649891,-0.44657530464796846,-0.17172948227178983
40708,04/01/2007,86.53,7.58333,1.703669833609115,2.1085614446522496,1.166281096509671,1.1120030903540186,0.18586290977966324,0.6198161532928772
40708,05/01/2007,18.82,15.1903,-1.11895292021592,1.4442367160200567,1.0335824648051886,0.8274764897142126,0.20134376265440893,-0.29484501083975156
40708,06/01/2007,25.35,17.3433,0.9007371531027442,1.114595861603088,1.1441241984200512,1.0710908826449808,0.6820394326536834,-0.15877162472406173
40708,07/01/2007,3.22,18.271,-0.039378238215229004,-0.28355999249447245,1.3682426354762227,0.7746822930142322,0.7508677517310476,-0.18988506783439826
40708,08/01/2007,6.16,19.7161,0.6227018441760008,0.6145411755187398,1.2903867570129774,0.9953799514835431,0.8363258836203364,-0.11943226207557482
40708,09/01/2007,0.03,17.68,-1.642317919659106,-0.7689660554083253,0.7587375010417993,0.8972448914281937,0.7765525393085717,-0.36021079572645454
40708,10/01/2007,4.54,12.5161,-1.3964893112203192,-1.7093389690200484,-1.5211859177808686,0.7755731387470131,0.1988387190620305,-0.5984386809061834
40708,11/01/2007,12.64,6.00667,-0.5558433101568284,-1.8705616777743497,-1.1447928461393289,0.2261789936477274,-0.00705082577391095,-0.9002957766080635
40708,12/01/2007,51.32,-1.25806,1.5398327886743473,-0.18147964275218825,-0.5547216002102403,0.3793563428885352,0.6270220079976161,-0.3031617263404596
40708,01/01/2008,7.42,-10.7548,-1.4815685876776064,0.03824894169285901,-1.038516907063265,-1.0036331498706816,0.5575457232870243,-0.6286260650180997
40708,02/01/2008,39.87,-3.00345,1.1505144599112593,1.266710179776476,-0.4594631505287771,-0.1578246907749798,0.7607910572821045,-0.30806185281964693
40708,03/01/2008,18.73,10.2677,-0.800704938275519,-0.32861906150340653,-0.5272748311776388,-0.7773002362517922,0.09314232058220544,-0.32931385858604906
40708,04/01/2008,14.31,13.0433,-1.126326764349674,-0.698489252686427,-0.4874192455786291,-1.3325036830926131,-1.3220834804236665,-0.8294777295096211
40708,05/01/2008,33.69,13.4871,-0.11967897527464463,-1.5047190125017365,-0.2551602452080962,-1.692757519152894,-1.2359727682001282,-0.7805383991394198
40708,06/01/2008,1.46,15.96,-1.0176884538866946,-1.3385052806119542,-1.2690198658219245,-1.6186574372876599,-1.7969818309999945,-0.7801723357314028
40708,07/01/2008,2.45,19.2065,-0.1905391916649837,-0.6812858039209456,-1.1091124143577424,-0.9445369166340887,-1.8562556673498376,-0.73675056824398
40708,08/01/2008,2.03,19.7097,-0.04186930880431411,-1.0656165534364128,-1.7150770088054088,-0.6432668576989174,-1.8788222140392699,-0.6900853611043253
40708,09/01/2008,23.63,17.51,1.2452507496875733,0.6452916656727463,-0.9015184844413421,-1.024929175487226,-1.3326409404872188,-0.38104178555037005
40708,10/01/2008,70.36,11.671,1.528642394528055,1.7594041531223128,0.9282548391685621,0.23710067131280732,0.10747228396330717,0.14857592825535249
40708,11/01/2008,4.05,5.75667,-1.3779352781337213,0.8570359352914749,0.3420683520544439,-0.7350776793076311,-0.058622826980550186,-0.0855659117712723
40708,12/01/2008,15.56,0.383871,-0.07989553168750867,0.3881385112416287,0.5187076442544788,-0.47620803360590097,-0.7494012953498209,-0.08978158581315274
40708,01/01/2009,7.15,-1.68065,-1.5264812522485982,-1.8159738270979906,0.2311908219917005,-0.28785969899394576,-0.8134345943808687,-0.17565915927994358
40708,02/01/2009,11.74,4.73214,-0.7083874680873651,-1.5022745696677529,0.0066157265312981415,-0.43651364283880584,-1.3405244758414223,-0.3585574815070532
40708,03/01/2009,6.1,6.24839,-2.2240030609958406,-2.1981868616752513,-1.0513843370039462,-0.7986783664173045,-1.4818973662659713,-1.047796166908863
40708,04/01/2009,38.35,5.78667,0.21516120017907597,-1.4111306974076057,-2.2571755872060195,-0.7120082557484954,-1.0202991261608787,-1.7641179990153815
40708,05/01/2009,30.42,13.9129,-0.3082402791212268,-1.170322342287025,-1.9207207623120566,-0.992979663842502,-1.332851639997783,-1.949165842958597
40708,06/01/2009,33.05,16.6333,1.1818986408318968,0.4072172149281481,-0.9680161350332426,-0.78912586489572,-0.5835895898042917,-1.8651152543844882
40708,07/01/2009,0.24,18.9968,-1.1602728617591276,0.2699188699470475,-0.8406093879905204,-1.7795584594894835,-0.6489846617097094,-1.910653925233309
40708,08/01/2009,2.12,17.4903,-0.019908244914569016,0.6386438868323481,-0.5787993144134246,-1.2767389086086525,-0.615060935737173,-1.9492690144684066
40708,09/01/2009,38.17,14.63,1.797697106008723,1.2461517241600766,0.8079576422513698,-0.47350818559508845,-0.3240419893061026,-1.303616958116669
40708,10/01/2009,5.27,11.8903,-1.288850927323214,0.29514434825893426,0.2736078547395755,-0.8582117032157617,-1.8847747348596355,-1.210398864589608
40708,11/01/2009,53.48,7.18333,0.9534691168795287,0.8335783215882738,0.9434193704073627,0.070763123562009,-0.622859139801869,-0.46010489191256393
40708,12/01/2009,15.53,4.12581,-0.08202214211271139,-0.017555603918961944,0.44143452574899483,0.5329911412470387,-0.5831980560839706,-0.9230765430889424
40708,01/01/2010,18.02,3.58387,-0.25346607982719527,0.4878401860146238,0.49350890215376697,0.43611514729350986,-0.39670155886581504,-0.8188620904152938
40708,02/01/2010,22.1,2.875,0.15990731477164663,-0.3561032210280229,0.5186312303002192,0.6179758851957149,-0.14733460298332607,-1.049817606204302
40708,03/01/2010,39.66,6.95484,0.4467687740778379,0.10522167279984142,-0.052991321296969374,0.35414929889277225,0.45623644374922834,-0.7391363310106854
40708,04/01/2010,58.99,9.08333,0.9490180504292434,0.864287928234542,0.8623592663350826,0.9153709414168304,0.8110854111372825,-0.13030979905344323
40708,05/01/2010,40.15,14.5548,0.21929815447750767,0.8492994734398028,0.46117318582515476,1.0242090764885146,1.0589722644415387,-0.1461162475035351
40708,06/01/2010,20.65,19.1367,0.7011785278141861,0.8606786642639378,0.6263497276063089,0.4717721931929675,0.806365910844085,0.14620740879897456
40708,07/01/2010,0.02,19.6548,-1.8697731636040764,0.1794894205482641,0.6413950896518548,0.7233933562412869,0.8124032090072414,0.10818065357544149
40708,08/01/2010,19.43,19.4839,1.642606983891934,0.7972077507679787,0.9452490958533408,0.6362455493122342,1.090885746621375,0.3677146372564274
40708,09/01/2010,1.35,17.4733,-0.6612212189315254,0.20526096390130844,0.7693277938054157,0.5904486530324872,0.4222591312635218,0.0275881883341031
40708,10/01/2010,7.15,14.8645,-1.0564594628866952,-0.4821646837822557,-0.3582671723874042,0.3104322596434228,0.48354771728953366,-0.9161829069874817
40708,11/01/2010,1.51,7.72333,-1.9424789426699278,-2.4840057937821447,-1.2132521963641556,-0.3200514655078694,-0.5615393195804405,-0.7773885745855534
40708,12/01/2010,0.23,5.73548,-2.9895350385977673,-3.268686742564316,-2.5743158928892584,-0.8976279510043617,-0.8396599312439753,-0.981376111085321
40708,01/01/2011,17.98,-1.66774,-0.25696814046388855,-2.2941093666571373,-2.522131696536272,-1.5611713217988203,-0.9047225816007297,-0.8754586160583195
40708,02/01/2011,43.22,-1.25,1.302784819625652,-0.09758681457777603,-1.9789874497009614,-1.1200042225584474,-0.3898087558092555,-0.4297793888599896
40708,03/01/2011,24.45,3.80323,-0.3911401418505617,0.275035287226934,-1.6686141165292419,-1.5409520193809763,-0.6178343116900062,-0.161167041439351
40708,04/01/2011,36.56,10.59,0.1401297721234836,0.3810272442448443,-1.0038823869370395,-1.4186039284138796,-1.1014095102610206,-0.18138998928070146
40708,05/01/2011,37.38,15.1806,0.07879023619433818,-0.32661959987758754,-0.40033494170273193,-2.077006120043266,-1.4158493656746565,-0.19774472029393578
40708,06/01/2011,8.76,17.73,0.0008247735394341025,-0.13785980216542687,0.0001250282116811036,-1.8014165552183852,-1.6789558958656097,-0.5941941327996575
40708,07/01/2011,1.34,20.8065,-0.4894252585846395,-0.2801779817919385,-0.02526312915903428,-1.1799223002998298,-1.6821003599286093,-0.5738718670770374
40708,08/01/2011,6.55,18.4419,0.6669520384905103,-0.1934182037553973,-0.4551766182672651,-0.5273847677023364,-1.9301573763450606,-0.4923125657839276
40708,09/01/2011,15.55,15.2567,0.8407148293691858,0.3744901705236743,-0.06124910677761017,0.0413998727881407,-1.6098931646824313,-0.8696605449834234
40708,10/01/2011,32.68,11.0548,0.440402278993932,0.6220299604047873,0.06744300818677158,0.23610827220951514,-1.0340483510773106,-0.3979959596337566
40708,11/01/2011,39.08,0.736667,0.5618114027939889,0.6246605661746595,0.3416081021033193,-0.03054475349429343,-0.1683687473681415,-0.4933093498134749
40708,12/01/2011,11.31,0.76129,-0.4148809252919623,0.2160566194456449,0.23853214058375627,-0.00923450421283343,0.0653633411029693,-0.5396724980803799
40708,01/01/2012,18.96,-0.6,-0.17265185154068952,-0.024743966936416884,0.26809517553342344,-0.050808522374223654,0.08236711414664757,-0.5550104212933441
40708,02/01/2012,4.09,-1.15862,-1.8482510952829447,-1.5080785598017596,-0.29105265656024526,-0.4391169579865491,-0.6634461742492476,-0.7838102771447641
40708,03/01/2012,42.69,1.25161,0.5865568618178106,-0.33805583847683357,-0.17624886377348128,-0.11695329674991746,-0.25183919138247457,-0.7232379669725262
40708,04/01/2012,28.72,12.4967,-0.22137829025092567,-0.5984907288621384,-0.47392067299534807,-0.22050887818991713,-0.4123136398948928,-1.151085983810231
40708,05/01/2012,72.47,16.1484,1.5223348260347522,0.9802536866387456,0.07187431706993697,0.45098225692802996,0.19809822601085708,-0.9021150918553396
40708,06/01/2012,24.04,17.93,0.8476951132405603,0.9890847693162111,0.4607395978822205,0.4756622976958645,0.48880639603892273,-0.8723918833199064
40708,07/01/2012,20.84,18.8161,1.4229382878290133,1.6057177198332524,0.874286806775661,0.6137936922818047,0.8652944565946381,-0.5283252894291506
40708,08/01/2012,1.72,20.3097,-0.12331970245226358,0.998315111422068,1.1618101325237604,0.4562436094353662,0.747850706449624,-0.801874551150862
40708,09/01/2012,11.17,15.9267,0.5621693387793996,0.9347290857728033,1.1580624895564124,0.6694399152091584,0.6694814972310534,-0.655899155765308
40708,10/01/2012,0.84,14.0452,-2.4132617915047434,-1.4233410889606481,0.8638334726896566,0.2383409905092738,0.06650597451369733,-0.7092439542428661
40708,11/01/2012,36.88,8.15333,0.49404985091834747,-0.41072200619778654,0.14115654747883255,0.7057740372122006,0.027664789575301395,-0.13126824489203984
40708,12/01/2012,19.91,3.27742,0.20277064439620668,-0.517177043366896,-0.16083678444293134,0.5322342947832336,0.20380277353677104,0.12668636788560714
40708,01/01/2013,18.52,3.45484,-0.21013144374391104,0.15687243687012886,-0.7958596830934339,0.6234027090555939,0.2020450425275493,0.1329673849305684
40708,02/01/2013,18.76,4.83571,-0.08184459853765591,-0.2855193839450909,-0.7531115712372363,-0.11042193413447923,0.4698348242095158,-0.1659558260626715
40708,03/01/2013,14.37,8.12258,-1.1769749391993123,-0.8533486559063884,-1.2149175689975995,-0.8001731218158719,-0.01700593759757959,-0.27194085545528984
40708,04/01/2013,29.3,9.53,-0.19248371681439777,-1.1299416276619816,-0.6480031046252143,-1.4299360947561144,-0.010286760660107109,-0.36586419061347547
40708,05/01/2013,55.52,13.1839,0.9008885312205532,-0.300463330744382,-0.49251977651272294,-1.049660288964691,-0.44074219078328547,-0.23834110755348384
40708,06/01/2013,27.33,16.6467,0.9776859480952362,0.6737528575163413,-0.09744288684656667,-0.6785779293742413,-0.3628426152580783,0.04401130379781799
40708,07/01/2013,0.02,17.9484,-1.8697731636040764,0.8099098457329402,-0.17957115091645107,-0.14561380304700658,-0.8375345879084563,0.02328782502302174
40708,08/01/2013,23.61,17.271,1.866144727836368,1.1233626191773851,0.3646166111078948,0.11836780214859485,-0.3319943807671746,0.28087886180121696
40708,09/01/2013,0.13,17.8467,-1.3913592182829713,0.394126099425566,0.6650419292817733,-0.04439828154123227,-0.5817902079596377,0.04286640093612636
40708,10/01/2013,17.87,10.3323,-0.23612663795628536,0.14160378716236055,0.6925281179847628,-0.265922490126449,-0.22268229637186462,-0.17049776644325812
40708,11/01/2013,34.92,7.06,0.43139824464316523,-0.2805555926994657,0.339766515693571,-0.015403502890357947,-0.23890241417210395,-0.17424742710940533
40708,12/01/2013,32.06,-4.14839,0.8192614994518759,0.2613301299592314,0.2908321745277911,0.6106441458397356,0.019412725934974777,0.09688016180838399
40708,01/01/2014,5.74,-0.996774,-1.7839209099679187,0.07917538128655639,-0.006170306142523457,0.4530754332688441,-0.24717297306550973,-0.07396182063652047
40708,02/01/2014,21.02,-1.25556,0.08460771513180065,-0.2121956074058591,-0.5803501477239424,0.10682337618409181,-0.1656642789295677,0.15565483827788376
40708,03/01/2014,20.38,6.0,-0.674531382382709,-1.03868044382767,-0.5920145556995837,-0.4918852022413955,-0.022915565130364402,-0.10063823269358618
40708,04/01/2014,19.69,10.6133,-0.7347280002171805,-1.1886234687386952,-0.7468535770688586,-0.8002652552645494,-0.2024520670458049,-0.2163786756724316
40708,05/01/2014,27.87,16.3933,-0.46511396756825996,-1.4532834099506353,-1.349717185170844,-1.7778111623016946,-0.9193279338865211,-1.0596884469009902
40708,06/01/2014,15.34,17.7633,0.4360043043973215,-0.8010048279206273,-1.4208152178836342,-1.3323043254605018,-1.1775129865468514,-1.2393022439029944
40708,07/01/2014,9.04,19.0613,0.6542112292237303,-0.10683817369252134,-1.0265977871125596,-0.8532688367022364,-0.9916196648201646,-1.4371615310204748
40708,08/01/2014,0.41,20.6161,-0.6984672356757968,0.2199274397757782,-1.068851781206311,-1.1069103256261292,-1.4834969523407093,-1.4339473924080652
40708,09/01/2014,10.41,17.09,0.5069263498591137,0.14154731327492137,-0.7347950477012742,-1.3716557357097172,-1.26947571566687,-1.4659635757417118
40708,10/01/2014,90.72,10.3097,1.9637429795757235,1.8860877227451054,1.4135727186839182,0.4415304017853222,0.3052053003842277,-0.0010941943874578522
40708,11/01/2014,26.48,4.33667,0.13092233494520394,1.422522939898746,1.319879221964463,0.3375257971911575,0.13264566382550505,-0.10802583625626606
40708,12/01/2014,13.81,3.82,-0.20900049666694537,1.2653578241653438,1.225752698651275,0.47864214856646925,-0.20004357061215336,-0.16752908825654303
40708,01/01/2015,12.76,1.67097,-0.7694950376239942,-0.5824472544960505,1.038435078097361,0.6316133859841206,-0.0767736627517166,-0.25550885040422544
40708,02/01/2015,38.36,1.58214,1.0792144853329104,0.051082378594748595,1.4186560502992283,1.1574604714557348,0.26859024270642534,0.01267607165935686
40708,03/01/2015,34.87,3.56774,0.21061607889074987,0.2846308166499169,1.2453568777547621,1.1556971973938617,0.510496977982942,0.3050735538371054
40708,04/01/2015,13.14,10.3467,-1.2252020230640759,-0.20248814499615003,-0.6063302895682863,0.6688772699339253,0.41629606263425234,0.1025311094970152
40708,05/01/2015,32.87,14.8806,-0.1657545056641778,-0.9392198424408442,-0.7846336883292772,0.6294636828749304,0.5169806408762295,-0.3190079175120985
40708,06/01/2015,1.02,18.7833,-1.1771679537469688,-1.4462991143543102,-0.8107977597749894,0.26822878655569593,0.22466072135145762,-0.7560705443019009
40708,07/01/2015,2.67,19.5033,-0.14415950814922818,-0.7275897025925099,-0.7570434743480479,-1.0763607266393123,0.09470079344750966,-0.7093996913146586
40708,08/01/2015,26.23,19.4742,1.9946690860117147,0.43451552231769225,-0.5651201877333237,-0.5437653789295112,0.5867686399646065,-0.6537989819782293
40708,09/01/2015,24.6,16.1,1.2876573078490976,1.7590591255618202,-0.21291379502324054,-0.06569055779570623,0.8489077098268983,-0.27692101917981904
40708,10/01/2015,80.06,12.7032,1.7443663089373143,2.49696850694284,1.7192838718552408,1.3312905915383346,0.685658404237837,0.6257931465857842
40708,11/01/2015,16.36,6.77,-0.3331638386813313,1.3044105904988577,1.2936102978474948,0.5620752530535627,0.4636689151120938,0.32584480298747615
40708,12/01/2015,16.34,0.725806,-0.025564397176769615,0.9012838918061593,1.5233331622861215,0.46947361328855336,0.509141186087566,0.16306511665769371
40708,01/01/2016,25.36,1.82581,0.3161076323066683,-0.3999214547239951,1.796372471521982,0.9624020784192368,0.7713935627971277,0.40848503771084543
40708,02/01/2016,18.82,3.94483,-0.0772547517266835,-0.1371675985396204,1.1841921118297192,1.0535584301430825,0.39521791679855656,0.3939603507822853
40708,03/01/2016,28.39,6.82258,-0.14625397397488424,-0.11519960225439271,0.6285667741321799,1.1906771269899337,0.2826543158818787,0.5295776588869199
40708,04/01/2016,57.07,10.34,0.8886387796918465,0.38256355455668034,-0.0689347816022211,1.6596134832592737,1.014074744521613,0.9864805979044667
40708,05/01/2016,20.55,15.729,-0.979123600511066,-0.08303982840559948,-0.2242914482377082,0.9415741341726721,0.8859146889032722,0.9596556795313839
40708,06/01/2016,10.87,18.2033,0.159522073753169,0.035364862209787774,-0.15707634369228318,0.4711578027093013,1.0419805203450982,0.9202444443198966
40708,07/01/2016,3.54,19.2,0.015708840281481968,-0.8006527855710182,-0.3297128500829698,-0.6139817394084005,1.0725350653857129,0.8364278671805974
40708,08/01/2016,0.01,20.4645,-1.5342633836249853,-0.33071428197916614,-0.31930536059507164,-0.4291926598857641,0.5614428224138733,0.8185588369917246
40708,09/01/2016,7.94,16.4267,0.30651651134818875,-0.545315122750107,-0.2280864895111423,-0.359745945996093,0.24178200600599745,0.7827178700309936
40708,10/01/2016,36.63,9.86774,0.5841081910145289,0.2579050419693037,-0.6742574490289452,-0.34832160193167144,-0.6710075485971957,-0.016525969879069773
40708,11/01/2016,8.52,5.41667,-0.8673269743464049,-0.27521609800109387,-0.6211753517560215,-0.6691091016232442,-0.7856078488190138,-0.21348409410945862
40708,12/01/2016,32.98,-0.683871,0.8591822095109801,0.08692406214664895,-0.20948077376672652,-0.24366570264174992,-0.400775637188308,0.03847415009714422
40708,01/01/2017,7.07,0.0290322,-1.5400280920818665,-0.7559829884557705,-0.6579946498554955,-1.0384733547286216,-0.8335278138997569,-0.038568325845801964
40708,02/01/2017,28.1,-3.52857,0.5389097126118908,0.1831970737847697,-0.30324333425643435,-0.5025006050517664,-0.5626695225216017,-0.15636121720590787
40708,03/01/2017,19.76,6.30323,-0.7210729769070475,-0.7254991719941737,-0.5645328465183953,-0.761941913327825,-0.6576239789237991,-0.32931385858604706
40708,04/01/2017,22.43,9.99,-0.5641511184718476,-0.8021429982063235,-1.1420740158125113,-1.1073628340173323,-1.4101551702953663,-0.20205099151455008
40708,05/01/2017,30.4,16.2355,-0.30943501209327073,-1.2613386093019783,-0.9298598346938969,-1.36705645513256,-1.457564725671736,-0.36763285292422393
40708,06/01/2017,2.91,17.8767,-0.67643068538275,-1.0761456407007663,-1.4029740206732044,-1.4907552210085864,-1.622527795993558,-0.3493516215871094
40708,07/01/2017,9.61,20.7194,0.7029666792184066,-0.4573642024791019,-1.030357068009532,-1.4059571631866667,-1.5054451112363314,-0.23815081656884005
40708,08/01/2017,1.31,20.61,-0.2493317465650987,-0.3695184435045562,-1.2606323791384721,-1.033376698601196,-1.407136163971303,-0.6246559433887446
40708,09/01/2017,0.33,17.9667,-1.155660477206744,-0.5695747747319615,-1.2668566083028483,-1.5855265210482252,-1.6255122606329635,-1.0346605299411125
40708,10/01/2017,44.43,12.4419,0.8405887564563451,0.31431374788565397,-0.35033664894653893,-1.0384232240355293,-1.4818046525983986,-1.5419267983056113
40708,11/01/2017,9.39,8.07,-0.7935213110474539,-0.2421831693597487,-0.6067368036404885,-1.4941945450333332,-1.3543948112517037,-1.361608261435663
40708,12/01/2017,6.12,5.03226,-0.9790763488352215,-0.4424337966228456,-0.7691003290040734,-1.4757863611244486,-1.92090615021259,-1.517855167507022
40708,01/01/2018,27.07,1.03871,0.43240750596612726,-1.0062799051349907,-0.8091655267430952,-0.9522204059178419,-1.548909182918333,-1.5606472860646388
40708,02/01/2018,23.97,3.02857,0.28466269255873966,-0.28688204386112837,-0.5932637876179718,-0.7617721948826733,-1.5101718669307729,-1.463647883323238
40708,03/01/2018,17.94,10.5452,-0.8638925596479428,-0.23047925480743228,-0.671711976489634,-0.8714185849216649,-1.408827869538807,-1.6136947332493685
40708,04/01/2018,28.29,7.64667,-0.24305889718262935,-0.8057501981043259,-1.31258052118228,-1.229084307293237,-1.3360592732000507,-2.0602843442495544
40708,05/01/2018,46.98,14.5,0.5401947529017788,-0.4995545450978137,-0.656913278812071,-1.0700955123866218,-1.2101336065743307,-2.0202803378567777
40708,06/01/2018,15.85,17.89,0.4638955172950878,0.11154620331938113,-0.17813066355351423,-0.7114578991913775,-0.8857271426294463,-1.9869503042623284
40708,07/01/2018,4.3,22.4484,0.1335395066950434,0.3734786315753703,-0.37794438112329365,-0.9883717851794438,-1.0311449287134988,-1.9643292279738371
40708,08/01/2018,0.94,18.5613,-0.3911280301615359,0.04578105172537742,-0.47416458703552067,-0.6392083523904744,-0.9917240200531752,-1.9133387106671573
40708,09/01/2018,9.44,17.1067,0.43242975321755944,-0.25220394894590487,-0.07028556503487564,-0.3117599807708346,-0.8114476610697562,-1.9092329750452437
40708,10/01/2018,22.68,12.8839,0.015527686110651313,-0.22794394992088504,0.004768565547890099,-0.7176937125145116,-1.3543200038590324,-2.029710421604492
40708,11/01/2018,24.64,6.23333,0.05703859361895532,-0.16268275828661755,-0.31814903992389726,-0.7268210399549325,-0.9125051560295081,-1.4427734210197076
40708,12/01/2018,49.57,4.31936,1.482270572891253,0.5521649131179329,0.36342336870753883,0.2634213201533133,0.0054795803004891825,-1.220333318182889
40708,01/01/2019,30.86,2.54194,0.6739283972920476,0.9441850492946479,0.636013444041117,0.6027326623094021,0.0747920306112363,-0.9368675867445572
40708,02/01/2019,39.67,2.57857,1.1411707450547026,1.9051684165312017,1.0816352645509673,0.8070545546975044,0.37422584430032235,-0.7584776427429899
40708,03/01/2019,49.28,4.75484,0.869594290159678,1.1359565026420828,1.2397999478185253,1.0573833275191564,0.8686327956456634,-0.3358871347225434
40708,04/01/2019,27.21,8.46,-0.2985274857416102,0.7346177613599253,1.1118189234293099,0.9339556950015809,0.8813080779780059,-0.2685484505309662
40708,05/01/2019,22.73,16.1774,-0.814266646342233,-0.2994852401217148,1.0187211849886364,0.6890194323991239,0.49661605207649484,-0.5274493806577897
40708,06/01/2019,11.44,18.5033,0.1986620053852685,-0.8575309937271578,0.2662980178000422,0.5579587610379028,0.3979901714017448,-0.4063060388857862
40708,07/01/2019,0.12,19.429,-1.3806943715816309,-0.831942540507681,-0.05524549757762782,0.4974991104381427,0.31764673815066485,-0.5570550704867173
40708,08/01/2019,2.45,18.8452,0.0553528381119045,-0.35755778780106334,-0.5017680497784737,0.613903045285491,0.33856987723269377,-0.5279610477716247
40708,09/01/2019,15.53,15.6533,0.8395656606680869,0.016569835319792843,-0.8392956377816438,0.19047171629324156,0.45145994413954127,-0.2985541694763895
40708,10/01/2019,53.69,13.8161,1.1098668814022288,1.1379086567822276,0.1773929299879599,0.6145640671880457,1.0701088716127458,-0.14114662272936168
40708,11/01/2019,16.27,5.32,-0.33809970419543073,0.5834253802805992,0.23747019499711772,-0.10743545238003255,0.8611030233834996,-0.015842779984335465
40708,12/01/2019,3.12,4.86774,-1.503475220574388,-0.05086209224841323,-0.16583982644487277,-0.8234014137726091,0.01866022905567543,-0.03433247587194529
40708,01/01/2020,26.21,-1.10968,0.3745449394532181,-0.8772247409009736,0.07770224182177071,-0.4819931063946165,-0.08104112168141489,-0.052582707829971896
40708,02/01/2020,24.01,2.15172,0.2872591646778697,-0.46450357773330236,0.17353774211145584,-0.10687911195074057,-0.35599608080470424,-0.037683602054461036
40708,03/01/2020,14.76,6.37097,-1.1402404028470772,-0.36380828103580776,-0.4380587675023515,-0.4822522921242119,-0.9605298154249324,-0.04959144696420157
40708,04/01/2020,52.31,8.59333,0.7330625804612902,-0.04132087594002759,-0.6744743789548104,-0.02330811064195509,-0.49800632520700205,0.2631003187093978
40708,05/01/2020,35.54,15.9387,-0.018441604959082557,-0.19021909157630482,-0.5041386335308231,-0.11869121286876178,-0.36274440643238726,0.04412908471311887
40708,06/01/2020,6.95,18.8367,-0.15851329113609677,0.21571847784861908,-0.1851675901135045,-0.4133378425310218,-0.45238384183115565,-0.09478125050579048
40708,07/01/2020,5.07,20.3419,0.2387349402284785,-0.27717541449426053,-0.3448158328513273,-0.8929300466220232,-0.3586382986630938,-0.08253988100226581
40708,08/01/2020,9.2,16.4613,0.9300455347791136,0.052237940468396894,-0.2356975793906184,-0.5119322330651395,-0.20028652983602294,0.04631534586218769
40708,09/01/2020,4.45,16.6633,-0.06701180870083248,0.061495789825413795,0.13029524805558784,-0.2326197428958001,-0.4448575749154058,-0.03678265123013086
40708,10/01/2020,30.61,11.8839,0.3604704651037352,0.24562744924163374,-0.25789286291846114,-0.3730340982511552,-0.9799542244134974,0.08320990168056817
40708,11/01/2020,68.2,6.05333,1.2890873608412883,0.9641377265216816,0.7861145037159073,0.47046822370567654,0.15700252837556422,0.5938509825038647
40708,12/01/2020,47.13,-1.89032,1.3998682669927855,1.5396795168422466,1.4932417975022143,1.2957780683531426,0.9419547714683268,0.597041621893848
40708,01/01/2021,12.72,2.22258,-0.7739453104544483,1.4570616710237299,1.441551898689446,0.8644320200434744,0.7542952679968894,0.39443232604588874
40708,02/01/2021,23.32,4.98571,0.24205974946491543,0.7501345989029119,1.2895292540150218,0.9851093579936913,0.707336442343798,0.2042218696599403
40708,03/01/2021,17.7,4.65161,-0.8834763696325586,-0.7712581583774414,0.9159556841088797,0.8182790182900184,0.7242446287446141,-0.17172948227178983
40708,04/01/2021,6.1,13.99,-2.0234237548393152,-1.8616946526630744,0.209898477673964,0.2194685761634826,-0.04331714816533471,-0.4510579731841628
40708,05/01/2021,20.17,15.929,-1.0091035669995492,-2.624853456173076,-1.33789631078286,-0.3922728672410024,-0.44621669836083444,-0.6614598569226107
40708,06/01/2021,1.03,20.2967,-1.1729692507483631,-2.516389573594616,-2.3331856175923775,-0.5486642678740365,-0.5659554859649756,-0.8534270597828212
40708,07/01/2021,13.27,20.1742,0.9783676964329818,-0.823494616551403,-2.0506076226449244,-0.36166143618985486,-0.4020894843454297,-0.6340493522492006
40708,08/01/2021,1.13,21.3548,-0.31398848493205944,-0.26680948148806455,-2.215322886846528,-1.3316688571598685,-0.549798816533385,-0.6429021822981017
40708,09/01/2021,0.54,16.58,-1.003457262717278,-0.23034635394281103,-2.317238675406661,-2.356436228546841,-0.6527945155089231,-0.8997777577032526
40708,10/01/2021,18.35,10.071,-0.2090467058620836,-0.9474205738275598,-1.6854541678932689,-3.011850172104379,-0.9526928503083312,-1.4037180144600587
40708,11/01/2021,14.71,7.42333,-0.42691390904689264,-0.985841263524519,-1.254483738801639,-2.9654438721520213,-2.1596420700085464,-1.1714640705045345
40708,12/01/2021,26.35,4.08387,0.553189297093297,-0.45940583264013335,-0.666639671138428,-2.2157845218554346,-2.6119724722000455,-0.8604310177201252
40708,01/01/2022,56.16,-0.283871,1.9331929988033636,0.7524539363416594,0.0768535301647306,-0.478628609741466,-1.62383968360815,-0.49145100743591746
40708,02/01/2022,25.85,2.52857,0.4037180850663854,1.5663960031677036,0.2540777731392913,-0.007152927875069805,-1.4267540313831875,-0.4506965153780076
40708,03/01/2022,28.44,2.75161,-0.1432997864174928,0.9180038538123554,0.30181399550656307,0.15238785107143665,-1.0703085002961819,-0.24383790033779662
40708,04/01/2022,58.04,12.5,0.919303639897599,0.6238212469995951,0.8957801504747395,0.43460213061495256,-0.09688277526619497,-0.1644677293042574
40708,05/01/2022,35.06,12.7161,-0.044360707878084084,0.37930313191789194,1.2433210528717953,0.4039167684119234,0.13149757641144783,-0.29267887081230004
40708,06/01/2022,3.84,19.0633,-0.5236339933030117,0.2750642892615867,0.7729052095142723,0.3261455202126261,0.18210686105558976,-0.3520654966368122
40708,07/01/2022,0.53,18.3323,-0.8776375445520799,-0.6019231679074071,-0.02407679352445894,0.3816770481219512,-0.08111475600257835,-0.4230143111942322
40708,08/01/2022,0.01,19.1226,-1.5342633836249853,-1.2821558522287626,-0.18506798712622752,0.6313075127477612,-0.09494236336578023,-0.5595771587873464
40708,09/01/2022,1.15,18.8367,-0.7272454247874415,-2.2843310616213395,-0.2655685528448954,0.37954839663564205,-0.0934093447583129,-0.6242845611360262
40708,10/01/2022,33.63,14.0968,0.4759660989625129,-0.14834787660197726,-0.8682935063365094,-0.27547513613090996,0.22758844753493448,-0.537623375765062
40708,11/01/2022,7.16,8.48,-0.9949097710122917,-0.6537610901574251,-1.3608454178772447,-0.8027413898454697,0.07597589734892521,-1.2288855804720495
40708,12/01/2022,1.9,1.83548,-1.8416522134630302,-1.0589542292952754,-1.800599276610685,-1.099459408798594,-0.3791290615738864,-1.8910302033957502
40708,01/01/2023,23.04,-3.09677,0.14967782688809655,-1.5115541647177222,-1.625915300396333,-1.6222683213103177,-1.1470467172594505,-1.8148963325100742
40708,02/01/2023,6.17,1.40714,-1.4406778277547172,-1.7252734041720976,-1.9137400678725234,-2.176205103274368,-1.4815594932509046,-2.059488469489816
40708,03/01/2023,41.72,9.4871,0.5425363676493509,-0.16737330514711612,-1.08945531737635,-1.5418184555647847,-1.0672559800664703,-1.6841001645247609
40708,04/01/2023,7.94,12.59,-1.7660752856219455,-1.4280025573632038,-2.0845236930471236,-2.2837679911380415,-2.2681426903952073,-1.653001232437586
40708,05/01/2023,95.13,15.0742,2.2228983851419484,1.003391504329412,0.013754860144602619,-0.7144409770987418,-1.1173900126360312,-0.7562421880658167
40708,06/01/2023,12.43,17.0267,0.26356944436311686,0.7567100583665566,0.37131866724493684,-0.49914293114731756,-0.8966075613692094,-0.5920782024078378
40708,07/01/2023,5.01,19.3194,0.23095643760504403,1.5052239578908126,0.35708419625679577,-0.5475506906529297,-0.8158307323133533,-0.7241321258334559
40708,08/01/2023,0.72,19.9161,-0.4966919890654226,-0.10760039389761031,0.6314186794470167,-0.15093584347327477,-0.7614443431708032,-0.7169688012957317
40708,09/01/2023,13.0,15.67,0.6858351279532229,0.06221209813932853,0.6270317204936815,0.3045610471305103,-0.5245002582965592,-0.5291275674197484
40708,10/01/2023,13.91,13.171,-0.48175978436814726,-0.49799687917051,1.0915097004204333,-0.0279249167126951,-0.9886693709703074,-0.5607317095805371
40708,11/01/2023,3.6,11.6767,-1.4512481471624858,-1.1237271323634679,-1.2683697928862696,-0.2205391020389968,-0.9932103378782248,-0.5892756934223914
40708,12/01/2023,19.22,6.83226,0.16093862795506841,-1.3126893367630263,-1.3322369017605937,-0.39991265797063247,-0.5776956364556105,-0.6764965141105146
40708,01/01/2024,47.37,1.37667,1.5466431033802557,0.001470117022716291,-0.5062775268943849,0.6959778448222373,-0.11158821582201907,-0.831488532321937
40708,02/01/2024,11.52,2.12759,-0.7318597005988708,0.5673005439728034,-0.6748270426766053,-0.7204029529170873,0.017145771210257014,-1.0140552448582896
40708,03/01/2024,18.83,6.41935,-0.792840998452303,0.043655407335556076,-1.065837978906016,-1.0510679822256943,-0.3654845752962641,-1.1378676822090483
40708,04/01/2024,47.4,10.68,0.5626182414267762,-0.5134967794624772,-0.40006431565886835,-0.7965117346987716,0.3296202852021162,-1.2906118561182494
