ds,precip,SPI_1,SPI_3,SPI_6,SPI_9,SPI_12,SPI_24,station_id
04/01/1995,60.4,0.40163831252140547,,,,,,40705
05/01/1995,14.0,-2.0710770725108434,,,,,,40705
06/01/1995,3.0,-1.2447008626181078,-1.424092992087103,,,,,40705
07/01/1995,9.0,-0.571202978179528,-2.2760820649871087,,,,,40705
08/01/1995,2.6,-0.5718246114804917,-1.38997390810916,,,,,40705
09/01/1995,61.2,1.5075878362996669,0.6629704315882693,-0.7695281885613356,,,,40705
10/01/1995,7.91,-1.1989670971332342,0.4050709480759379,-1.582699549522395,,,,40705
11/01/1995,4.01,-1.6963468439898608,-0.06906281230282989,-1.085332010602744,,,,40705
12/01/1995,6.8,-0.9332933157554134,-2.2251691358786196,-0.9028953976004331,-1.845712385813113,,,40705
01/01/1996,23.71,0.14666716834877855,-1.6807629755764772,-0.7505091116403204,-2.2805629127164773,,,40705
02/01/1996,59.71,1.529417061976269,0.7283716145205116,0.3912311543263169,-0.6211613396685135,,,40705
03/01/1996,61.02,1.1184973598311796,1.5563020871368909,-0.08556466531219716,0.32146215901166814,-0.8624322164644666,,40705
04/01/1996,103.82,1.5298694491592646,2.1696735832493066,1.5079786862035456,1.4215541303419814,-0.25656647517861564,,40705
05/01/1996,58.1,-0.1115823193660944,1.040941074437477,1.2296340698147086,1.1315771363398057,0.3550693737901249,,40705
06/01/1996,1.2,-1.6797798571609268,0.2956614006951221,0.8556474673507639,0.09662089859814155,0.3250452368992854,,40705
07/01/1996,13.61,-0.20798103379847208,-0.7542248465524771,0.7289883931902893,0.27205647632239177,0.36624972646115966,,40705
08/01/1996,0.6,-1.1644943151300633,-1.3407123479805878,0.22362538989690323,0.421853487485804,0.3336849821438604,,40705
09/01/1996,9.4,-0.4488039580492811,-1.014126863219513,-0.19252826115722282,0.4180763028590367,-0.32248581979014185,,40705
10/01/1996,37.21,0.5975701823656253,-0.3100831141417578,-1.0648365930786716,0.5145822331214998,0.04895522382387823,,40705
11/01/1996,28.4,0.2793555047402217,-0.008203071115161827,-1.015129080499447,0.13187238897740536,0.35802319834877777,,40705
12/01/1996,6.4,-0.9897684798176688,0.02766929190396362,-0.7883707345148193,-0.3023163309742687,0.3431622769885801,,40705
01/01/1997,44.91,1.3588529104707145,0.39826429623857,-0.1452558353853233,-0.860111405947395,0.589539343842918,,40705
02/01/1997,17.11,-0.42206048998375045,0.005901794542729653,-0.1411619732434954,-1.0304320988136828,0.08053701911713375,,40705
03/01/1997,70.0,1.4586575511428173,1.2520787146773276,1.0197260395328207,0.14443761329840432,0.2490205724192869,-0.47567142552301384,40705
04/01/1997,13.3,-1.8810520808027897,-0.42239495714399233,-0.24455814814610216,-0.5412562008901356,-1.2163448066295777,-0.9810971610765117,40705
05/01/1997,50.0,-0.35895805215780313,-0.48857651544939057,-0.5025182813901414,-0.6041018141729644,-1.1837847311937066,-0.6338439412256813,40705
06/01/1997,100.0,1.7566168171697065,0.29852453638164567,0.7119054694448071,0.68792207146227,0.21662418742768197,0.30707050446672657,40705
07/01/1997,32.6,0.8085178140856932,1.0652536874205787,0.5639327061973523,0.6527177965454377,0.4450217252448908,0.5213586742188767,40705
08/01/1997,0.8,-1.0687735850765092,1.4270185629820435,0.5656882637722631,0.49678738193191946,0.43813265506940857,0.4859184537093554,40705
09/01/1997,51.4,1.2588104557131263,0.9420051025424301,0.6254360583225775,0.9129706693328552,0.9522152881793866,0.40041393831779837,40705
10/01/1997,9.4,-1.0363097148986302,0.13364981671460696,0.9983971625075966,0.5138956272144733,0.6307000978191544,0.4001179946186569,40705
11/01/1997,23.0,0.00833737018533895,0.262113744974299,1.3428504971779853,0.609926457958481,0.5445010733102231,0.5448418743380915,40705
12/01/1997,8.6,-0.7055447555820971,-1.023268907904859,-0.03396299583031222,0.135236334916547,0.553348578683642,0.5528938090918988,40705
01/01/1998,44.51,1.3399065809265203,0.2682387237550876,0.1442844677198165,1.0107526091853924,0.5456834356322211,0.7291358848315915,40705
02/01/1998,98.1,2.585932319103053,2.2798470744049775,2.0133561268810425,2.4054983138531143,1.5004485049717302,1.1204389921145073,40705
03/01/1998,18.6,-1.2500559191901068,1.9415300752198315,0.9737881322839513,1.3262033855271527,1.0076714738703856,0.8270856571188614,40705
04/01/1998,48.1,-0.013113385501015965,1.0868407729551823,1.1399518594105924,0.9311241547006905,1.5952412757661982,0.3569002791626787,40705
05/01/1998,77.6,0.40073628963664065,-0.26946988065839045,0.9860829091988691,1.0316838592701982,1.6697114845904872,0.4550959062603372,40705
06/01/1998,46.0,0.7769574887547424,0.4298762107973603,1.1418642916448265,0.77857122015249,1.0778433272058594,0.8597107293919467,40705
07/01/1998,39.9,1.0985671603055311,0.8153085790821819,1.0644492250020399,1.1364066803046842,1.1197768935618746,1.0849134890403795,40705
08/01/1998,10.0,0.2667061574424477,0.8667173637821557,0.24674505514342904,1.1041895175460943,1.1994519653716362,1.121874947494675,40705
09/01/1998,19.1,0.1288346282578418,0.5684126443761546,0.5344994259749536,1.119849011791755,0.8456363228234643,1.1800722099027217,40705
10/01/1998,24.5,0.025305827982091297,-0.10311807068950704,0.6216645876704452,0.9262856449395054,1.0387917923230883,1.0461828025093483,40705
11/01/1998,15.3,-0.4668745283660144,-0.5650619666023571,0.3489038933705174,-0.06168740250311388,0.912471282999794,0.90905865036018,40705
12/01/1998,24.8,0.5453345672366826,-0.18978754302425777,0.14070251445516754,0.3562528587684999,1.0599829178341236,1.0389998374037848,40705
01/01/1999,16.0,-0.48014420605768954,-0.5418189073537837,-0.643744856333353,0.3467277532624002,0.7505803390274578,0.8372542138964616,40705
02/01/1999,19.4,-0.2604480030812832,-0.30655538526529574,-0.8639858327033557,0.09512208527181071,-0.21752249831374096,0.9306131754968084,40705
03/01/1999,30.4,-0.3789012150041665,-0.8120979691283957,-1.1145124422323445,-0.49077627022041753,-0.018205453848522533,0.6491965991377195,40705
04/01/1999,89.2,1.1914405512311308,0.5394673528806958,0.12240661905421218,-0.09328506266006027,0.5896864947909745,1.4098125560832355,40705
05/01/1999,100.6,0.9050359411905682,1.000935778208489,0.7699025487023413,0.4335249857529188,0.7817037137131847,1.7104906910494506,40705
06/01/1999,2.2,-1.400138883163908,0.730701440505833,0.24520872377381384,0.03822614861758209,0.22279096826184688,0.8638725347181805,40705
07/01/1999,4.4,-1.0330867242812491,-0.05663151530132577,0.11664767922913225,-0.11839512558783259,-0.26572094641352123,0.5979351634132059,40705
08/01/1999,71.4,2.4878343503869513,0.5482821432450798,0.9187363964673295,0.7555508026439189,0.5257503377691366,1.1820035338222086,40705
09/01/1999,32.6,0.6849710086763973,1.4243130240536765,1.2224264411429773,0.776722314255017,0.7034077341749162,1.0062011371960704,40705
10/01/1999,58.6,1.3212862029389365,2.1457392481455595,1.3300079983169013,1.2076351729264965,1.1197991020571292,1.3640300254928222,40705
11/01/1999,14.4,-0.532663794669724,0.859877332224537,0.8350347935686696,1.240800865454439,1.0676696512608486,1.2483727483982718,40705
12/01/1999,5.0,-1.2107236390681138,0.19271028044086924,1.1748341771831132,1.2673391979420718,0.8152251680895117,1.2104608603439182,40705
01/01/2000,21.2,-0.03979218294758403,-1.3187733245216375,1.640797188765115,0.8766926938095717,0.8828526528416123,1.0612760116928057,40705
02/01/2000,14.3,-0.6424711535402218,-1.197312831351098,-0.06701460648898606,0.25814381936435765,0.8524328763869548,0.43048877250455425,40705
03/01/2000,56.21,0.9229107175677519,0.11241468199396341,0.10307391033159512,1.1600190243450865,1.2451773924419316,0.8283425041479944,40705
04/01/2000,18.7,-1.4502961977725084,-0.7476164583637227,-1.6534272749627383,0.748625322003977,0.40441468918479373,0.6142752417811631,40705
05/01/2000,38.3,-0.7706163936746816,-0.9228540302110764,-1.4546344498495478,-0.9207169400808903,-0.5043322524580599,0.15115579383066946,40705
06/01/2000,5.0,-0.9664462821596894,-1.864921894793516,-1.3520263319783838,-1.4870866567309797,-0.49700449678356773,-0.262845065801194,40705
07/01/2000,0.0,-1.4835398594012967,-1.577059633118509,-1.6443654351540942,-2.213999599711518,-0.5498348677138479,-0.6711859490129591,40705
08/01/2000,3.4,-0.43163981979907073,-1.8594489394194338,-1.5826900774856831,-1.9663395641086332,-1.5677804674598357,-0.7077033188253944,40705
09/01/2000,30.0,0.5907805637395424,-0.558668690921861,-1.8542535774047888,-1.4075724333919752,-1.5864792414468558,-0.5662210424159013,40705
10/01/2000,37.1,0.5932248869968173,0.37398277528190693,-1.2035459478786548,-1.4011016257080806,-2.0432238232045705,-0.43722383451108277,40705
11/01/2000,51.2,1.148575282697967,1.171486074667313,-0.18723220615355393,-0.9390152386210951,-1.3462957189249498,-0.09574113527995495,40705
12/01/2000,14.0,-0.18108876163267296,0.7872509353447322,0.18656013042416958,-1.3002161203253846,-1.1618679671684575,-0.18840547460154392,40705
01/01/2001,25.5,0.2716991034127359,0.7726903660876563,0.7260896101164233,-0.7751091757827928,-1.167017442619715,-0.11973024453717779,40705
02/01/2001,5.7,-1.6140215132265656,-0.9614289359275361,0.3953298129813795,-0.7472093511666978,-1.3007601543692653,-0.2522978738429648,40705
03/01/2001,34.01,-0.1605941155427218,-0.8358337352765028,0.040264979649174554,-0.4553353868009868,-1.6913081653452067,-0.18754268720146167,40705
04/01/2001,51.2,0.09754588240797374,-0.6965261347490345,-0.20716358259508993,-0.024217015381730777,-1.3038366616966757,-0.5679072941452505,40705
05/01/2001,22.3,-1.5131181024175249,-1.0556203997118108,-1.476513104733127,-0.7065407256752819,-1.388064216016065,-1.446529537956642,40705
06/01/2001,14.4,-0.272505523054705,-1.1581135536777118,-1.3631390483694557,-1.0541426019845446,-1.294301059276798,-1.3408259111718968,40705
07/01/2001,45.8,1.3102452133253695,-0.53971742834682,-0.9217004197467608,-0.6606259906568138,-0.565640590344742,-0.8934351937194542,40705
08/01/2001,1.0,-0.9880658904541477,0.2021692831947476,-0.7518680406949828,-1.0922100740700569,-0.5875170396590871,-1.5946847082641327,40705
09/01/2001,1.8,-1.2218641406157804,-0.009155525973855494,-1.0107136605693712,-1.1858588669506611,-0.9768413162369178,-1.8615612605701615,40705
10/01/2001,34.4,0.4838115441650579,-0.6770538880995464,-1.0738957842170591,-1.2783291489141504,-1.075087610766407,-2.0772810091950387,40705
11/01/2001,79.8,1.9379990589685823,1.116717946068814,0.7315878374412312,-0.26337302304551824,-0.610322429228888,-1.3099618736680119,40705
12/01/2001,11.6,-0.39252542586213,1.2798025522182515,0.9586092594662451,-0.24928581075658302,-0.6194016191109274,-1.2388107272866562,40705
01/01/2002,16.8,-0.406563803927737,1.3119906415520775,0.34152708654564395,-0.3679136573941457,-0.793732771967385,-1.3293219619319872,40705
02/01/2002,6.0,-1.5657354835773798,-1.5340076259349056,0.05051725201295503,0.03303392413366853,-0.7832207035064191,-1.5188525404442177,40705
03/01/2002,29.4,-0.4424765352064197,-1.401714162708507,0.3349944660416781,0.12200855108369267,-0.8447895454596944,-1.8427576971056996,40705
04/01/2002,70.2,0.693536421996818,-0.28001092187835974,0.5550553805458099,-0.046630690563733784,-0.6383564854001127,-1.2972368125790807,40705
05/01/2002,88.2,0.6438098986259847,0.5010732313888986,-0.14325461266359835,0.4164366619843588,0.33613635234753864,-0.780451078648204,40705
06/01/2002,2.8,-1.2800877737264287,0.26499002300461094,-0.3697080568187926,0.2877987199213825,0.17439973079952406,-0.8260454432522585,40705
07/01/2002,14.0,-0.18054015831196657,-0.09637757116780178,-0.36064668696856667,0.10166818027411854,-0.26434102655163433,-0.6815212642645774,40705
08/01/2002,1.4,-0.8551156224461742,-1.1846065618147732,-0.2015813310316841,-0.7010002311448137,-0.25330399260062414,-0.6718599012060418,40705
09/01/2002,0.0,-1.4835398594012967,-1.5174102831827376,-0.3442350364606914,-0.8021500583656958,-0.2586577627269702,-0.9294317133889669,40705
10/01/2002,2.8,-2.047078779663162,-3.1420519509044165,-1.3079040268361415,-1.2119433879140384,-0.7440538666361929,-1.2449159538909904,40705
11/01/2002,23.7,0.04574096789899371,-2.137705625050341,-2.4955428094839363,-1.0588438565473275,-1.562407563282445,-1.4419753125251193,40705
12/01/2002,50.8,1.6860995565564745,0.17387017291682677,-0.8695795676322778,-0.37520676677929266,-0.9186106403945072,-1.0807853495046402,40705
01/01/2003,25.2,0.2511613950605956,1.0577393036445093,-0.8235367277913214,-0.6962197750280622,-0.856375485000448,-1.125807415237917,40705
02/01/2003,37.8,0.7165794848971315,1.3904429941248588,-0.22927073660962546,-1.038014183856532,-0.39562421429741085,-0.8797008500666265,40705
03/01/2003,48.8,0.5991035512550033,0.7143188639913766,0.6345656200770474,-0.37178874640162046,-0.09325139223143572,-0.7202100121037301,40705
04/01/2003,74.4,0.8104771113531035,1.0099167873474513,1.5401791917468923,0.22942230537324607,-0.048716757562413546,-0.47884283266557165,40705
05/01/2003,50.8,-0.33335858872089735,0.27085234475658027,0.8767049400292407,0.035670570473046836,-0.5736405491479387,-0.24276094836436563,40705
06/01/2003,33.8,0.45877407942914133,0.2295460337805151,0.41170792742563805,0.41669431196836776,-0.16034086086812124,-0.06678481319247867,40705
07/01/2003,10.4,-0.4523439070998894,-0.2845091075522704,0.23983865307428742,0.567725080986079,-0.21072558070698885,-0.42316568570834107,40705
08/01/2003,23.6,1.0359499045598919,0.3448619694188967,0.2666452318671291,0.7250248880182425,0.08550371755443294,-0.18759551829035273,40705
09/01/2003,7.0,-0.6421479795304591,-0.26633235912205966,-0.001955945001557343,0.20888814812557488,0.19241136684796387,-0.11949054904012414,40705
10/01/2003,22.2,-0.09862231541298867,-0.12807670755842954,-0.510411060452996,0.08909951458072916,0.4316660465033187,-0.22801812090873452,40705
11/01/2003,13.8,-0.5781558273356436,-1.2291170256341637,-0.5269675209989177,-0.2620906076278561,0.29647585620720396,-0.7904518180182525,40705
12/01/2003,14.5,-0.14026250715248295,-0.6557427241882996,-0.9034626112362663,-0.4269720063581309,-0.16016989457680778,-0.7602207522316073,40705
01/01/2004,8.2,-1.3880870531497416,-1.5582637716193406,-1.3087308680323164,-1.1529203193301685,-0.42076828407542444,-0.8729456236351447,40705
02/01/2004,13.2,-0.7371017813379515,-1.4475369407712628,-2.32196055385223,-1.3083631762865875,-0.7599541344106705,-0.8636328798021933,40705
03/01/2004,24.0,-0.8142948262763573,-1.7376667275733275,-2.4114585776049196,-2.1533012877351005,-1.1382532377481396,-0.914389118706392,40705
04/01/2004,71.8,0.7386084327105981,-0.18927700262124617,-1.1792724261140275,-1.197830018221062,-1.3423632444528921,-0.9128232977153962,40705
05/01/2004,159.6,1.9259135810269576,1.4923424722133656,0.9265926218031729,0.3555521136316717,0.37064147854436946,-0.21612433579085613,40705
06/01/2004,51.4,0.9002503322846723,1.869368998393188,1.0897880527664314,0.8439014301114657,0.5932819335847405,0.24212040862545403,40705
07/01/2004,68.8,2.007338784746117,2.130364391195996,1.6673197934127946,1.3665536942834429,1.2581518332394945,0.7451141221695348,40705
08/01/2004,2.7,-0.5527831727906104,1.281444880517031,1.7187913703533362,1.333824382724181,0.996012447769022,0.7279139560973882,40705
09/01/2004,8.3,-0.5336056989822567,0.8290648538633856,1.8504703114240897,1.1763563738540248,1.0250179813856128,0.7895135688650856,40705
10/01/2004,21.7,-0.1267119603651762,-0.8648107917780238,1.840638803306041,1.3362793754483258,1.0386736408526054,0.9195845160483331,40705
11/01/2004,52.4,1.1866141458648092,0.22036855359835938,1.169230074535396,1.8569035115711099,1.4255387200398668,1.1059083124946059,40705
12/01/2004,38.2,1.1964480368430643,1.0049376865847142,1.2743844252303678,2.3087904745151526,1.620150225038031,1.0012437772718243,40705
01/01/2005,20.1,-0.12621878072311338,1.3843028827301718,0.290908608068643,2.2657589811949452,1.7832584533545297,0.9844930072209191,40705
02/01/2005,17.6,-0.3862730627762532,0.2690405564105337,0.2607370975157643,1.1925245947835568,1.8708893933751398,0.8989720058090688,40705
03/01/2005,42.2,0.28228660437459885,-0.28357483861190025,0.716143823573873,1.0439049979275774,2.1933299046164123,0.9132186000408746,40705
04/01/2005,26.1,-0.9883907970188555,-0.8490366863006046,0.1581023726385934,-0.4988053953887631,1.9042796539531315,0.5233912312617799,40705
05/01/2005,148.4,1.753189331011287,0.9493600249568434,0.9450222791772729,0.9693091129736157,1.5071836333788613,1.304893879699162,40705
06/01/2005,16.0,-0.19211133296144525,0.7092084206269171,0.4066647747404093,0.8980414501330116,1.1234541853645235,1.1506095361947564,40705
07/01/2005,9.2,-0.5536922407629985,0.9496983232847894,0.2830746865391064,0.742094783987506,0.35621953719482113,1.1294932289379336,40705
08/01/2005,12.2,0.4245910057241695,-0.421798759531717,0.41678731761915844,0.4382968287299869,0.4659811121823321,0.9887431299620838,40705
09/01/2005,51.6,1.2641604166182194,0.667856931563768,0.8091240938745136,0.546012368858263,0.9930991338809344,1.3339453445086011,40705
10/01/2005,9.5,-1.026094285791974,0.4454000748743413,1.0344059222698172,0.3771797288950364,0.8655391208872432,1.1975055139453517,40705
11/01/2005,41.5,0.8179206214353691,0.7827508739795613,0.07547978276414742,0.6864179782545147,0.7070259687268226,1.358027552615844,40705
12/01/2005,6.6,-0.9612168959341767,-0.41133146704259677,0.07435067473395762,0.5644421711612229,0.31720167739798455,1.288178832666367,40705
01/01/2006,26.22,0.3203428982746316,0.2020640684726326,0.39717595846948683,1.0229259586051782,0.3804731632743258,1.4550029778828182,40705
02/01/2006,4.4,-1.8489159801992145,-1.373530741615943,-0.24289887009553177,-0.6360331350426947,0.2366514139487597,1.5075262982305255,40705
03/01/2006,24.51,-0.7768402104030987,-1.2663917596507532,-1.7444848090964453,-0.8201746945761746,0.05241585834771289,1.607853243041992,40705
04/01/2006,38.31,-0.39793161069342525,-1.478725151872725,-1.2955025530811533,-0.8163435121906631,0.23676933091466704,1.4118837417146726,40705
05/01/2006,26.21,-1.3030255041342147,-1.5228957372135359,-2.095542579923549,-1.5109679246363177,-1.6060496639823736,0.07121352636107037,40705
06/01/2006,7.6,-0.7135504036528071,-1.5675624094188396,-1.8740446217921085,-2.442331715854132,-1.823333170372447,-0.37497592344746977,40705
07/01/2006,6.4,-0.8173297199301206,-1.6844423985987798,-2.168997918504646,-2.0450385119790564,-1.8171439532973825,-1.0247590619705764,40705
08/01/2006,4.2,-0.31287616607241475,-1.1846065618147739,-1.880917753315165,-2.308985865011116,-1.9157612389933614,-0.9659124471404356,40705
09/01/2006,39.2,0.9050773406228063,0.0289006023594423,-1.2865444400071882,-1.5674241503685935,-2.1083046012801248,-0.6195170425229076,40705
10/01/2006,25.11,0.05683728285526781,0.3220772775710219,-1.3189686390582702,-1.866160398653011,-1.9240958615921646,-0.573854964149884,40705
11/01/2006,37.42,0.6639051875087546,0.7601095106109839,-0.3281390411581459,-1.4577791376613205,-1.9089654992961425,-0.6698009512756928,40705
12/01/2006,28.9,0.7645905992273812,0.5342767745385908,0.30510301152398334,-1.026317961946478,-1.4808549813493732,-0.7504515457481413,40705
01/01/2007,4.7,-2.0276864368347507,0.07722990560667098,0.19161470386765428,-1.2420898344871176,-1.9249927701901997,-0.9269573511614833,40705
02/01/2007,22.63,-0.05345890992904147,-0.4678786033482402,0.2518352067648262,-0.6580024035362898,-1.623828582680644,-0.943622149073881,40705
03/01/2007,64.02,1.2355002072358054,0.10086494671616014,0.4654730686055651,0.2500544604170141,-0.9978957766841235,-0.7126623020913926,40705
04/01/2007,63.92,0.5098365375516127,0.7925072031273164,0.7278942852791089,0.7063037100495073,-0.692054780995684,-0.31752723853333187,40705
05/01/2007,25.51,-1.3388787283388586,-0.09565037726588453,-0.3600890064089472,-0.011663668166248486,-0.6156086508586123,-1.6804768451715475,40705
06/01/2007,55.51,0.9886397477923017,-0.005067305284592475,-0.04300424126013547,0.1181753862475034,0.03454802322353615,-1.269693156583825,40705
07/01/2007,73.81,2.1398174831744794,0.6955748807477025,0.8174504343425023,0.815515342520034,0.8727646125098741,-0.5850706427266913,40705
08/01/2007,11.91,0.4049107464451237,1.5309657517859847,0.880534751325564,0.6735379363597175,0.9436716037103097,-0.5623262257259534,40705
09/01/2007,0.0,-1.4835398594012967,0.9623150278467181,0.4081254122449306,0.32019312543280887,0.49484134875046987,-1.0343694708476208,40705
10/01/2007,13.91,-0.6375580130746344,-1.1909962199431237,0.06247663269971998,0.35864687301224324,0.35149816140828105,-0.9667384690490323,40705
11/01/2007,21.21,-0.09096943555986631,-1.6243738097925324,0.7176659129223877,0.34787570738938445,0.13881768493135108,-1.100211994586364,40705
12/01/2007,59.22,1.9724314997372652,0.6038493687645367,1.061761137344945,0.6147841836885996,0.4980508727048627,-0.6127357364254128,40705
01/01/2008,16.21,-0.4605877746716589,0.9627762104675918,-0.26975796467255414,0.40724260084805963,0.6310071682541343,-0.7326053097519629,40705
02/01/2008,31.51,0.4280348844271109,1.2078024708342143,-0.17956688776725208,1.2242553166078638,0.7630790540707295,-0.516967828444679,40705
03/01/2008,9.0,-2.3332318829421443,-1.1950442980642757,-0.44782546554152247,0.33868340558039656,0.12728532444382742,-0.6560729895006386,40705
04/01/2008,8.4,-2.4065863954538913,-2.229568113850985,-1.1778187700158813,-1.8683901714106397,-0.7617576019899042,-0.9867507201932522,40705
05/01/2008,44.6,-0.5395788321871587,-2.34974778219516,-1.13293037774835,-2.032459706546382,-0.3907994779958919,-0.8211530178926989,40705
06/01/2008,23.7,0.13077824914360084,-1.442707306524567,-1.7459744832209374,-1.5621541453407641,-0.8998524819013237,-0.6755407322007656,40705
07/01/2008,31.6,0.7658162691697379,-0.1907298400795802,-1.3399695370779405,-0.9450253568058252,-1.5423254450857433,-0.42013800335344204,40705
08/01/2008,2.41,-0.6094621236507475,0.12251704208493366,-1.6206153717088698,-0.9001682731298621,-1.6658775143050568,-0.4185954781423851,40705
09/01/2008,30.2,0.5981995294195532,0.44422342209843907,-0.9313268898185725,-1.2466684988099177,-1.1595355625605341,-0.4758157326286169,40705
10/01/2008,64.9,1.5012258731654216,0.9990933947260635,0.32807839501725405,-0.738955306954823,-0.45245511030721,-0.10543564032249889,40705
11/01/2008,15.4,-0.4597345494264443,0.9828405157819786,0.5820584480496538,-1.0964023751648222,-0.5090917885357569,-0.2775883992567302,40705
12/01/2008,17.5,0.08639623642666996,0.6847648033823492,0.7249282271386562,-0.6102359912678553,-1.0730512588707384,-0.3758860359927547,40705
01/01/2009,27.6,0.41115730491774766,-0.34874498068142773,0.6505188166929124,0.11501949146647568,-0.969456662088803,-0.19328692094835143,40705
02/01/2009,12.0,-0.8469679604438385,-0.4318791195183326,0.499464233976714,0.2794867061582489,-1.266037786740569,-0.3033909429368176,40705
03/01/2009,18.6,-1.2500559191901068,-1.1298700419038856,-0.29765701004456885,-0.017329223497903883,-1.1220010961976987,-0.7364612392091857,40705
04/01/2009,50.2,0.062353326311221015,-1.010692849362126,-1.3026178938474429,-0.2972560438614817,-0.551393800008411,-0.8940077713087298,40705
05/01/2009,40.0,-0.7058078013955715,-1.0251556695407753,-1.1955013533201344,-0.6099727205664744,-0.5503669607446933,-0.7743230693737062,40705
06/01/2009,63.2,1.143487451465812,0.13782813630949153,-0.3963816676257776,-0.160915178853361,-0.01931096912494692,-0.7162250905591623,40705
07/01/2009,15.61,-0.07160113438775692,0.14451193842542065,-0.5189032407928884,-0.7204135420675059,-0.24202243720346459,-1.3399692450918814,40705
08/01/2009,17.4,0.7352937473877377,0.8718779787001647,-0.21527867136633366,-0.4017154733193935,-0.03777828941726988,-1.2258190043999124,40705
09/01/2009,43.0,1.021649958222008,0.740368400602382,0.3921389185032044,-0.06487336249358891,0.14547425938248926,-0.7449742785567965,40705
10/01/2009,9.71,-1.0048959768592656,0.36388749266647064,0.19549368152147892,-0.4138565701651177,-0.637208473937986,-0.7677923330041954,40705
11/01/2009,34.2,0.5344451012368007,0.35321873733900555,0.8273587784774037,-0.1614871887931279,-0.34624462482133406,-0.603348796024443,40705
12/01/2009,15.7,-0.04607748101979747,-0.34592272252368367,0.18482186302150808,0.13412470341854818,-0.35541681699494876,-0.9963668321764279,40705
01/01/2010,19.0,-0.21591785675611244,-0.00502272383568481,0.1781339170708316,0.11362889841595857,-0.5129473865510077,-1.0091496907898652,40705
02/01/2010,31.7,0.43728035221837813,-0.06843441868117807,0.12878936898912244,0.6914377994863588,-0.2307965403614386,-1.0817917242446233,40705
03/01/2010,45.8,0.45884303612713556,0.26329484781607,-0.2943497733719124,0.2402830613980656,0.17868844508068588,-0.6971703725955755,40705
04/01/2010,58.6,0.3446951383592537,0.4738855969865033,0.35472302924395593,0.42611041057630117,0.3194106301864508,-0.1736338666220634,40705
05/01/2010,143.4,1.6734487119996406,1.390135062725108,1.243702579773976,1.340254814925924,1.500754930909893,0.6988875204881503,40705
06/01/2010,63.8,1.1550587842936748,1.676271400713342,1.4564786498304045,1.4100946479584182,1.5383443842768871,1.056043723761981,40705
07/01/2010,18.6,0.11470033789266648,1.5743323372260973,1.407347156333908,1.4259183739158368,1.5131168938377497,0.930217572058384,40705
08/01/2010,15.3,0.618169612703202,0.8965341009930835,1.405825693026326,1.3110279095853004,1.4585384184811128,1.0042178143108171,40705
09/01/2010,19.2,0.13372769140744362,0.1304684168365904,1.4173125890195726,1.2442857856719738,1.210673510933305,0.8964493197363321,40705
10/01/2010,11.3,-0.8543756802797344,-0.3582975790800851,1.3525437198593004,1.1963710458898489,1.2555747545763274,0.42807357288276143,40705
11/01/2010,0.6,-2.928240813843188,-1.8509009236749177,-0.1445585673183521,0.9261729068256069,0.8283278975896681,0.2998341668633849,40705
12/01/2010,0.4,-2.9091019776528935,-2.7751290854847253,-1.7317126770674096,0.6940014519280775,0.6289538649437522,0.15641155114047128,40705
01/01/2011,30.01,0.5628215769453316,-1.910781996011074,-1.7694335144255153,0.7693272201001004,0.7588841269524897,0.17326746984938898,40705
02/01/2011,53.8,1.3319831240914248,0.5419064922905752,-0.985372912239268,0.05886243607948116,1.044149075063147,0.56805157784652,40705
03/01/2011,61.6,1.141401367068164,1.579341684509192,-0.24642027999949728,-0.22729829203666146,1.3217150192365068,1.0146197914090713,40705
04/01/2011,70.01,0.6881398101233324,1.4852094220877818,0.6136432398244216,0.17696186409381348,1.6332511645603898,1.270604886845427,40705
05/01/2011,87.4,0.6261558939772062,0.98346031310125,1.0936092595489701,0.3558655409324459,0.7431282821450107,1.554912814199743,40705
06/01/2011,34.1,0.4674374616542401,0.7236925103719115,1.1858246622800168,0.43275943543921475,0.36779184651037666,1.3087954045250711,40705
07/01/2011,15.02,-0.11074633665117507,0.4274747129782998,0.9969017654844707,0.5340059041055475,0.3031858534418474,1.2923630011286895,40705
08/01/2011,46.04,1.8329704227091874,0.854354905944708,1.0884599359348779,1.1753232392375352,0.6723355915869169,1.4774067329599054,40705
09/01/2011,57.2,1.409162914959937,1.6060328261484644,1.3220721875823662,1.596633315640849,1.1265316774730185,1.55731741306558,40705
10/01/2011,37.2,0.5971755027576596,1.794571016749474,1.4190848289948725,1.733957601558493,1.4465486472039117,1.7214268493864806,40705
11/01/2011,39.11,0.7289596527424755,1.5174830269386035,1.504493783221255,1.720475412513485,1.7960689007469006,1.6874814358384158,40705
12/01/2011,11.22,-0.42873729401006444,0.4387133931447979,1.5059311191776823,1.4838027992222271,1.8423997332672923,1.6411319394106771,40705
01/01/2012,14.63,-0.6123052733268477,-0.16251018069352346,1.6851763804105258,1.2939567841373707,1.7329362673276028,1.6520844161591728,40705
02/01/2012,9.01,-1.1602011239339027,-1.5072108623369223,0.5188326679296008,0.9178910674100204,1.2897320376116963,1.6108875240829452,40705
03/01/2012,61.63,1.1425822791446063,-0.09896612182787552,0.19038242070495817,1.4007127052028798,1.3912966491608825,1.8419346240941599,40705
04/01/2012,73.51,0.7860622912257473,0.6537443076684563,0.44898180356419676,1.7322176911518157,1.607797027653769,2.0827595879758807,40705
05/01/2012,136.8,1.5654747598855117,1.708213533334874,1.142930547234478,1.8686451145856293,1.9136411854103317,1.872384321938225,40705
06/01/2012,72.0,1.3068192715761449,1.8639078558184434,1.5112315062500996,1.819883360108086,2.3620268480798634,1.94873090105758,40705
07/01/2012,32.5,0.8042837022910229,1.7417681579015725,1.6355877048925134,1.6336615788819508,2.4507907155601103,2.04817460339062,40705
08/01/2012,4.11,-0.32540782511985655,1.070120942282128,1.7396116877663061,1.3457843370424645,1.983305618188444,1.8788262959078472,40705
09/01/2012,42.7,1.012680386252815,0.8177533506435901,1.8411332444415578,1.5248975503429378,1.845858761621424,2.0125082583717724,40705
10/01/2012,2.5,-2.1285370743678436,-0.2400685758517229,1.5848800504207106,1.46793691301706,1.5176001480722074,1.8928291573060725,40705
11/01/2012,27.8,0.2510529318474941,-0.07296240883968695,0.8031252943728074,1.7822961685933796,1.3371120524811988,2.0050691127697537,40705
12/01/2012,18.32,0.14369213154243377,-0.7243945200962654,0.014436305552404487,1.6281793339244084,1.3669284910167254,2.1098019594502944,40705
01/01/2013,18.1,-0.2919795677142163,-0.19280015411596543,-0.528532977213022,1.4576170455888615,1.4338259850832384,2.0839060242732836,40705
02/01/2013,30.0,0.35321380613327735,-0.06769103086237929,-0.25427965793664475,0.6668665278828453,1.6963380038530715,2.075959911640666,40705
03/01/2013,44.7,0.40590000848550434,0.1472014470437195,-0.7506736896566198,-0.005890262178266647,1.6260940798475145,2.057660142705779,40705
04/01/2013,52.2,0.13228085286770616,0.259509993866199,0.026798873083053974,-0.26346263772753314,1.5509050292557132,2.028963897277658,40705
05/01/2013,60.01,-0.05671325003781056,-0.031737658687989743,-0.12409154803467888,-0.2635382854094721,0.4067702976036757,1.6478988167181021,40705
06/01/2013,83.1,1.4960818812083476,0.7777437958596631,0.6253952690738982,0.2516292359984855,0.5463179366396178,2.061583530930707,40705
07/01/2013,0.0,-1.4835398594012967,0.5265430899741353,0.4106260161865087,0.300692259148724,0.10622191055633912,1.92369314359312,40705
08/01/2013,8.1,0.11058719916588772,0.7871227813962661,0.344285603173406,0.2578328486222305,0.1551272679636015,1.5437257214497206,40705
09/01/2013,0.81,-1.3707830167293429,-2.0863809885880213,0.05686629169482861,0.04338269324962426,-0.38057702545638195,1.0582525263328233,40705
10/01/2013,20.9,-0.172593210797709,-0.9952268922398607,-0.06558377708214976,-0.02252117297133471,-0.1566343309693431,0.8975172715768216,40705
11/01/2013,21.4,-0.08016327394761387,-1.2239766207095262,-0.034770609810331095,-0.1713045500289333,-0.2303027272080366,0.7300543946794016,40705
12/01/2013,18.6,0.16286000997468034,-0.304732673480524,-1.5772476002481464,-0.20762055221403122,-0.21630888448113297,0.7794440577064344,40705
01/01/2014,5.0,-1.9609005932404657,-1.0799043716281511,-1.8479633181974642,-0.5379506211118412,-0.42735171988593984,0.7187561925418818,40705
02/01/2014,12.2,-0.8281279068894863,-1.4532212671906255,-2.321539339937203,-0.7851410629806869,-0.6682367056709534,0.8105645219038604,40705
03/01/2014,58.51,1.0177286884999748,-0.4335186276226573,-0.907025497469309,-1.8965119547359477,-0.44880268586137767,0.8521963810735874,40705
04/01/2014,20.41,-1.3332119436057224,-0.6902604053504731,-1.4582499258047692,-2.0125115795741997,-1.0593658786909463,0.41008378681453933,40705
05/01/2014,59.3,-0.07696979042320178,-0.38911972587743054,-1.0300714520834036,-1.7523987425880623,-0.9325607751331226,-0.4283704287766783,40705
06/01/2014,43.82,0.7245409584600876,-0.3936668954861485,-0.5838188031888588,-0.971049896069884,-1.6271644546549082,-0.73709571256869,40705
07/01/2014,12.01,-0.3253775305706545,0.08224066259358004,-0.42260265156401927,-0.8550989956634035,-1.3818722656544642,-0.9539555657283448,40705
08/01/2014,6.0,-0.09390704092367043,0.21622085791350393,-0.2845830290492029,-0.7660276028746555,-1.3860090909435558,-0.8941303360209287,40705
09/01/2014,21.41,0.23811888910233556,-0.3238176948974204,-0.5582734849710497,-0.6702288993132384,-1.0437820977932093,-1.0633986957622814,40705
10/01/2014,33.4,0.4418571058034735,0.11122387395713769,-0.015105235304037772,-0.44982667806215954,-0.909071060951525,-0.7400347410861637,40705
11/01/2014,21.3,-0.08584250881839663,0.026745742023466693,0.0359171352000053,-0.38646582833693915,-0.8679443794401346,-0.7530309216670864,40705
12/01/2014,31.8,0.9077468330211015,0.4130079469642749,-0.031221754950802448,-0.44305395882220633,-0.6515844741585637,-0.6283306141331868,40705
01/01/2015,7.8,-1.4493913530911304,-0.3316710879229359,-0.29099235932166273,-0.21980350854689754,-0.662619375206847,-0.7515417914477938,40705
02/01/2015,34.0,0.5464120572514942,0.19004403838585787,0.0318100050861098,0.03193229395618649,-0.34778950991879415,-0.7653630493546513,40705
03/01/2015,45.9,0.4636142754340163,-0.017990486654164604,0.22959781855645844,-0.16388563230654304,-0.5028782226142471,-0.7431968582461655,40705
04/01/2015,31.0,-0.7321148753484417,-0.1394000322565601,-0.4572767844001682,-0.42802864432519344,-0.40277620321149177,-0.9837572906774089,40705
05/01/2015,59.3,-0.07696979042320178,-0.4296585062147547,-0.35796994972962426,-0.44264036605600454,-0.3562972259929139,-1.019425354505647,40705
06/01/2015,4.4,-1.0389473860528204,-0.9975311104883433,-0.8523655254009703,-0.8198308497870043,-0.9805635065890796,-1.9279546119431625,40705
07/01/2015,12.8,-0.26640605829461805,-0.6717565334100022,-0.7018235977067869,-0.9006587836123137,-0.9423151125038012,-1.775692527525518,40705
08/01/2015,43.4,1.7536431909347818,0.18869648476323483,-0.3306249678365566,-0.2918567956399635,-0.3880446510539687,-1.319863700274927,40705
09/01/2015,8.4,-0.525649151324427,0.454558328245797,-0.6175614976203896,-0.5615092375320248,-0.5492038339590282,-1.1863113604423576,40705
10/01/2015,71.4,1.675810353772167,1.4966458129960596,0.36319042287095626,0.11121195740506662,-0.05470022500168427,-0.6694844388227782,40705
11/01/2015,29.9,0.34841009610608914,0.9630102958685335,0.6172805494352754,0.039507862904096885,0.0632532452466228,-0.5507288044204615,40705
12/01/2015,14.8,-0.11622966684853966,1.0843632986998946,1.0732915744148104,-0.05820280883788823,-0.14996535851310702,-0.5822473610273546,40705
01/01/2016,20.7,-0.07869109523099131,-0.14460986633557701,1.338114141127868,0.22508428127245664,-0.01186320585549265,-0.4662195172232219,40705
02/01/2016,28.1,0.25543052149464607,-0.17403026137482022,0.6414752853835931,0.42886005337992955,-0.07281716576653705,-0.3435078519386315,40705
03/01/2016,30.4,-0.3789012150041665,-0.3082491188656746,0.7968589166915223,0.8088029149990541,-0.2498720581447577,-0.601423222283471,40705
04/01/2016,70.0,0.6878555134755411,0.2975158382304074,0.09371817074292021,1.1878126786485341,0.31460593830706346,-0.0842659835276583,40705
05/01/2016,45.2,-0.5187885263588162,-0.24433044033425405,-0.3685734095772025,0.1104171491503561,0.0769097479715884,-0.2888888203785627,40705
06/01/2016,30.4,0.35680361117255854,0.006278168579960856,-0.20420255271938456,0.31259116657664626,0.40952531943383436,-0.4411269988750247,40705
07/01/2016,13.6,-0.20869038863623754,-0.3998717752241526,-0.26135345497057505,-0.38484225044775494,0.39929516220710687,-0.42811272961125635,40705
08/01/2016,0.0,-1.8186455928500607,-0.22646291944521468,-0.4344876621477287,-0.5224358908904624,-0.16610864002402886,-0.46719232812097417,40705
09/01/2016,19.2,0.13372769140744362,-0.5836441611548907,-0.31685676190072837,-0.42686253371443117,-0.005490403899899822,-0.45887311246385576,40705
10/01/2016,33.2,0.43336715203290593,-0.1406522565468777,-0.6279841091883797,-0.40873754340820134,-0.5600661156833558,-0.4511229166961078,40705
11/01/2016,20.0,-0.161392782165277,-0.0925252823792746,-0.4037531173215198,-0.5960981053756124,-0.6712987929066477,-0.4300168306371073,40705
12/01/2016,35.21,1.0657426362092932,0.46051770890751975,-0.14015849047318973,-0.18279327911543752,-0.3713279792978839,-0.3990797517706012,40705
01/01/2017,8.3,-1.3731038427976088,-0.22208392698433915,-0.4582595242950439,-0.764103865782503,-0.5828885180029931,-0.4154311594539329,40705
02/01/2017,34.21,0.5561317169626722,0.33043144679670977,0.04293282435687869,-0.29717807987333517,-0.48748706114238505,-0.44027595180710166,40705
03/01/2017,9.7,-2.230808362648042,-1.4012434042492306,-0.7764257265538358,-1.1311636884354828,-0.7752608020096475,-0.7884900364717021,40705
04/01/2017,46.2,-0.08332971584092086,-0.7204865557059003,-0.9475260102861265,-1.017186664643203,-1.3072981933035723,-0.6342672120498322,40705
05/01/2017,33.9,-0.9483135986118378,-1.5021353698212248,-1.1620606175718695,-1.2905862091003182,-1.314978594956778,-0.941581902281419,40705
06/01/2017,6.0,-0.8593701728856802,-1.2020643433540816,-1.647395706590248,-1.5820671844883698,-1.793716137963374,-0.948839730603495,40705
07/01/2017,2.6,-1.2444499896627406,-1.604311785539665,-1.6424201527526463,-1.7760300873259394,-1.931183736696998,-1.0582518493378854,40705
08/01/2017,1.0,-0.9880658904541477,-1.751451249558336,-2.0554098563634717,-1.6951747767634147,-1.8731269117917915,-1.4592595400809354,40705
09/01/2017,2.1,-1.179283658075152,-2.500379316950972,-1.9396454875440372,-2.1419344475516082,-2.1483090702981755,-1.4648873073227175,40705
10/01/2017,62.9,1.4453334044376722,0.25516217713087297,-1.3240512949221757,-1.4736364272766103,-1.7169474472737956,-1.5162529743093816,40705
11/01/2017,23.3,0.024460778882392144,0.3932399297652978,-0.8279277938175209,-1.845641261976209,-1.5865347404686463,-1.4991750392643357,40705
12/01/2017,11.1,-0.4403513572625183,0.6731888508336714,-0.5904267394774266,-1.4571194035666213,-1.9215258142028524,-1.5263649981407794,40705
01/01/2018,41.0,1.16881538335651,0.24211573447237772,0.23981936203333212,-1.1606812603558403,-1.4755251920282992,-1.3779688992480292,40705
02/01/2018,56.41,1.4207708640954166,1.2502528653380849,1.1967648849950683,-0.06303942661497361,-1.127392474728538,-1.1824272817925348,40705
03/01/2018,39.8,0.15895597583471913,1.3813576248579513,1.7521633263339036,0.41029278646453826,-0.6645123416456695,-1.0872845303522667,40705
04/01/2018,63.2,0.4880304238718224,0.9773795656992889,1.0122722929296704,0.9006903025835383,-0.4753578089154364,-1.18798993382158,40705
05/01/2018,96.1,0.8127884766655966,0.6814051514502034,1.1540376847803846,1.267667868276896,0.41400124321979526,-0.6706903552259883,40705
06/01/2018,13.5,-0.3205745442016631,0.4467599749202343,0.8839670731007881,1.2232228650091765,0.5072306574124635,-0.8691096081937981,40705
07/01/2018,6.2,-0.8378206045346789,0.09367621896149422,0.47252129648160907,0.5054041849463634,0.5284725908565686,-0.9483331800881281,40705
08/01/2018,10.4,0.2970032832895174,-0.6683559243124891,0.10748591482112889,0.5261506354090798,0.6308572932407897,-0.8027013946117845,40705
09/01/2018,14.8,-0.09832870077414249,-0.6431877619444314,0.05658943854911226,0.5254025909232207,0.7966020257712533,-0.8060076328943493,40705
10/01/2018,11.4,-0.8454371399398968,-0.7011332855647403,-0.42532764702218584,0.12602847302450224,0.15557602019993166,-0.9976091589677873,40705
11/01/2018,31.9,0.43699443844392116,-0.5952888241678077,-1.072742964829682,-0.22657616367496264,0.2617710976289438,-0.8295899327036498,40705
12/01/2018,32.3,0.9315697162057844,0.1276369726490146,-0.4871588025088169,0.004610266937134882,0.5057270239303335,-0.8519174694745482,40705
01/01/2019,30.2,0.5744330574981023,0.8920135985695289,-0.03390603507665805,-0.05914866913032275,0.36928891179893586,-0.6826647209965047,40705
02/01/2019,41.4,0.8678149494964842,1.124448223600683,0.3567999812843438,-0.3366062478462709,0.20195492210154656,-0.6596307552363679,40705
03/01/2019,66.6,1.3333436141351884,1.405657788106517,1.2618447390846748,0.5132707070433491,0.604898700839279,-0.07704790482413224,40705
04/01/2019,35.9,-0.5028115344485348,0.6482594568346215,1.0855840488021737,0.4221141351132871,0.2709446207929554,-0.15942740167355018,40705
05/01/2019,52.7,-0.2736471112726791,-0.06320520037662074,0.451736760414861,0.08287765923348923,-0.36248149364386834,-0.03816210855265498,40705
06/01/2019,39.0,0.6023152094625486,-0.316476252575471,0.34831028368701045,0.3198674340699983,-0.030515448547562142,0.2670209352006456,40705
07/01/2019,13.5,-0.21579998463780622,-0.09274121516097701,0.15343707923727287,0.41734116153051454,0.06092741907544488,0.36353772881185487,40705
08/01/2019,2.0,-0.698380732578334,0.04633941610779963,-0.1507778130331076,0.24679807923627559,-0.04970950786336928,0.35954749664635793,40705
09/01/2019,45.7,1.1007195053492007,0.3630298838778719,-0.1622146314870788,0.3737412839294411,0.36165281240901825,0.7366555989222241,40705
10/01/2019,27.1,0.15623715709238592,0.48292110345847633,0.051851051297402403,0.2720121155530358,0.5555496935795522,0.41701870039335903,40705
11/01/2019,15.1,-0.4812536272682746,0.38176600776096276,0.12108487885391837,-0.08240336979641621,0.33237832952672625,0.3428002410312531,40705
12/01/2019,7.4,-0.8529728923197889,-0.688383086930294,-0.3914547085521525,-0.6151363647367912,0.020013251649385985,0.30839858100407147,40705
01/01/2020,41.81,1.209101174716913,-0.1891037284473949,0.18072897872180643,-0.09889924059993656,0.14455729892505262,0.31638537809736966,40705
02/01/2020,34.7,0.5786598954274053,0.53237278336199,0.604654389670004,0.2970680855785813,0.0770276165134133,0.15152927697070107,40705
03/01/2020,33.3,-0.20224157239895765,0.6580566567742563,-0.1958510605742256,-0.008528424295514396,-0.341529165732139,0.13413787908682615,40705
04/01/2020,117.3,1.8161590281621762,1.483161138335383,1.3184432670027288,1.3135163221050292,0.8398201164041905,0.695772124417179,40705
05/01/2020,39.0,-0.743691291169151,0.5302682643354718,0.6687826142410415,0.7694907795010737,0.5447682326929756,0.062188419572846244,40705
06/01/2020,19.4,-0.03853879754221491,0.4909343980419983,0.5938495814634401,0.22781089233118113,0.2883164490712862,0.10673304925802107,40705
07/01/2020,57.3,1.679854702857187,0.09197223634758422,0.768617460603326,0.683801437112644,0.8152086725415327,0.5822737712407613,40705
08/01/2020,20.0,0.8684568343972133,0.8800133007920091,0.7883733011733938,0.8826095201222449,1.0064165784189363,0.6449440786086506,40705
09/01/2020,8.4,-0.525649151324427,0.9618750022602578,0.784497292295313,0.8261446321010288,0.5840796105349932,0.5847879351118572,40705
10/01/2020,71.0,1.6653580609085528,1.0383719066065127,0.5926661900290706,1.1211116866760267,1.1175758241583489,1.0515873623547227,40705
11/01/2020,67.81,1.6328136914403955,1.8081636390669877,1.7114236521309687,1.5690498730450382,1.6461328248922822,1.2824467342413306,40705
12/01/2020,43.8,1.4248760677706023,2.266562059209328,2.4540496008011505,1.9916089168251174,1.950382559548321,1.354640263688271,40705
01/01/2021,23.3,0.11714700092168132,2.0359232330116948,2.241951044331949,1.3969735745859873,1.815238309137151,1.3367324423039841,40705
02/01/2021,24.6,0.06305569147729374,0.7730331098327258,2.091757874593456,1.9735313010826372,1.7517238930126409,1.3132855842909659,40705
03/01/2021,25.01,-0.7406422240798347,-0.5368811691231027,2.221662839727173,2.2722954328148686,1.781783426750801,1.0410871942762887,40705
04/01/2021,19.4,-1.4014640960347389,-1.413469600857035,0.3297467101458469,0.9455854361765822,0.6884874848817558,0.9633353005932741,40705
05/01/2021,66.6,0.12402004944763204,-0.973538628504611,-0.4845999048501497,0.5966486942772952,0.9187244411714841,0.97767538815357,40705
06/01/2021,0.8,-1.851876633058581,-1.1848967168792037,-1.2425184234149431,0.3332373039045194,0.6990435197174429,0.6282939849729818,40705
07/01/2021,11.8,-0.3414044970300684,-0.6114847043228016,-1.3507506613602271,-0.38455847632129825,0.09281990523196935,0.60456175339794,40705
08/01/2021,10.0,0.2667061574424477,-0.9710847617022247,-1.3522912054351064,-0.9200143225266764,-0.038957432131589656,0.6521379467263694,40705
09/01/2021,1.8,-1.2218641406157804,-1.0146556260463817,-1.5212437220767792,-1.4672346992047198,-0.10754358353195484,0.26660986333073305,40705
10/01/2021,18.81,-0.29846041370848714,-0.9582591455560341,-1.293891513547941,-1.8144107682670576,-0.8836303929341235,0.18585630942376347,40705
11/01/2021,41.51,0.8182857967802497,-0.4461603556576433,-1.1651185634701395,-1.6957347719480194,-1.2368049432239823,0.4037150975252443,40705
12/01/2021,24.0,0.49983866510891684,0.357927710117069,-0.463779520161133,-1.354043000631762,-1.4941642066727225,0.5304458708704161,40705
01/01/2022,41.5,1.1937424353358312,1.2771915636969693,0.14193318335210486,-0.5570115086629795,-1.2886712573007095,0.5361056112681671,40705
02/01/2022,14.6,-0.6175613265528116,0.40929138787042596,-0.17506887608136895,-0.8988521923651851,-1.4492749119974568,0.407643713847225,40705
03/01/2022,35.52,-0.07393496363119417,0.10953008703840687,0.2780459997479586,-0.487482777934062,-1.293989356360023,0.4824501107280409,40705
04/01/2022,86.0,1.1127275330683264,0.4743410271284511,1.1858931420371253,0.4000029255755134,-0.31836625896798443,0.22445738616327693,40705
05/01/2022,101.31,0.9193452483845581,1.039341202126244,1.0895973541525839,0.8234893449227209,0.1841437311968475,0.7246291063333964,40705
06/01/2022,7.8,-0.6970115633053108,0.7749162138749691,0.6086752399362572,0.7393008135009185,0.266223913013555,0.6129587109853596,40705
07/01/2022,5.9,-0.8690063512865753,0.08018780196959359,0.1790202500375227,0.59739119028736,0.1743094818006531,0.12185712606068387,40705
08/01/2022,0.3,-1.3590159599845162,-1.4278074011064663,0.20454034519467687,0.28620990952108705,0.046106999351600834,-0.0643704996691428,40705
09/01/2022,12.4,-0.24283951130012918,-1.3021842694610661,0.186243403102503,0.13709536988400622,0.19938201289789806,-0.011526950315296533,40705
10/01/2022,23.1,-0.04913194420136788,-0.7336725652121123,-0.454537449545855,-0.186719935495532,0.24391810522221682,-0.4449533188593788,40705
11/01/2022,4.8,-1.554104901945871,-1.3582967596398652,-2.115886346464401,-0.3723731450833895,-0.23577465695849256,-0.9831039568009804,40705
12/01/2022,9.9,-0.5616741662766482,-1.160482868307819,-2.071464146411367,-0.41154551886879254,-0.40935021069015953,-1.297867628768416,40705
01/01/2023,19.0,-0.21591785675611244,-1.7329545458394642,-2.063864096394682,-1.148850445404063,-0.7674525434087454,-1.3895243033957496,40705
02/01/2023,15.6,-0.5370463412577996,-0.9954431794847524,-2.0796957461103394,-2.594125535009331,-0.7463815322819842,-1.592114527752304,40705
03/01/2023,42.4,0.2923514942304396,-0.3867691803153895,-1.6673263191861365,-2.2607720941790603,-0.6314188190496837,-1.4192868980760651,40705
04/01/2023,30.2,-0.7719078801128691,-0.7782861215223404,-1.9075628909785742,-2.2368941342490363,-1.7286320920751803,-1.33451450142493,40705
05/01/2023,75.2,0.342700080834287,-0.20212911193466607,-0.6760668550979695,-1.4355123480299208,-1.9457633052408774,-1.2540469919950192,40705
06/01/2023,30.5,0.3599087671972722,-0.16407854553790838,-0.37710210616476125,-1.1379305879503545,-1.6228502498355173,-0.9602487406186411,40705
07/01/2023,32.2,0.7915337884067069,0.44847706680998317,-0.1466571775995146,-0.725073020307874,-1.1504733154880662,-0.7464500990343298,40705
08/01/2023,8.6,0.15385544100832985,0.4168079722368952,-0.02436108100855483,-0.3817992135484398,-1.0002091222031373,-0.728270750810821,40705
09/01/2023,23.5,0.3309368901561325,0.4466120648563193,0.0008504801780176288,-0.1874335778329638,-0.8143224214634458,-0.4830179719015908,40705
10/01/2023,37.4,0.6050559612303738,0.34802264017900403,0.4793345661585261,-0.07574787893919906,-0.650734878329561,-0.3026691825132632,40705
11/01/2023,6.0,-1.3691537333717938,-0.2771584376360738,0.04093216183236262,-0.24501767350861245,-0.6020172341481842,-0.5893826196999549,40705
12/01/2023,12.41,-0.3180228630507657,-0.4709076731889331,-0.16600810552844625,-0.3433162185125903,-0.5446846516717181,-0.6904415447422291,40705
01/01/2024,65.8,2.229723850229944,0.5554472284486002,0.5470453834352332,0.6145789635378567,0.037305124042318887,-0.4979995660568453,40705
02/01/2024,19.1,-0.2808419188650275,0.9381772367435699,0.4134856247066577,0.4564504582916807,0.10039245213347292,-0.4876423114981346,40705
03/01/2024,22.91,-0.8962443869765264,0.600832874474331,-0.07215336883650854,0.1504645443254947,-0.11955221194344645,-0.595493432052016,40705
04/01/2024,48.5,0.001429699404147109,-0.7084882588067938,-0.3818477431495058,-0.18499457374797415,0.1404918955864959,-1.0053951855889338,40705
